,animal_id,group_no,inoculum,inoculation_batch,dpi,sample_mass_mg,date_nuc_prep,incubation_time_hrs,population,count_statistic,count_value
0,918310,1,RML,BATCH4,60,246,2025-05-06,19.0,NeuN+,EstTotalCount,4359464.0
1,917423,19,22L,BATCH3,120,207,2025-05-06,19.67,NeuN+,EstTotalCount,2913658.0
2,918309,4,CBH,BATCH4,60,240,2025-05-07,16.92,NeuN+,EstTotalCount,5017422.0
3,916462,1,RML,BATCH1,60,248,2025-05-08,18.5,NeuN+,EstTotalCount,4324274.0
4,918277,9,RML,BATCH4,90,220,2025-05-08,18.98,NeuN+,EstTotalCount,5102254.0
5,917432,17,RML,BATCH3,120,245,2025-05-12,19.0,NeuN+,EstTotalCount,2417080.0
6,918304,2,ME7,BATCH4,60,237,2025-05-12,19.33,NeuN+,EstTotalCount,3742073.0
7,918279,10,ME7,BATCH4,90,255,2025-05-13,17.83,NeuN+,EstTotalCount,3704633.0
8,916466,3,22L,BATCH1,60,251,2025-05-14,18.67,NeuN+,EstTotalCount,3555483.0
9,916440,18,ME7,BATCH1,120,250,2025-05-14,19.25,NeuN+,EstTotalCount,3170809.0
10,918293,12,CBH,BATCH4,90,267,2025-05-15,17.45,NeuN+,EstTotalCount,3752887.0
11,916504,10,ME7,BATCH2,90,242,2025-05-19,18.83,NeuN+,EstTotalCount,3994910.0
12,918289,2,ME7,BATCH4,60,219,2025-05-19,19.17,NeuN+,EstTotalCount,3918578.0
13,918280,12,CBH,BATCH4,90,208,2025-05-20,17.17,NeuN+,EstTotalCount,3429660.0
14,918302,1,RML,BATCH4,60,270,2025-05-21,18.0,NeuN+,EstTotalCount,4217479.0
15,918296,4,CBH,BATCH4,60,200,2025-05-21,18.67,NeuN+,EstTotalCount,2165855.0
16,917444,18,ME7,BATCH3,120,252,2025-05-22,16.75,NeuN+,EstTotalCount,3504921.0
17,916500,17,RML,BATCH2,120,211,2025-05-22,18.28,NeuN+,EstTotalCount,3878405.0
18,918261,10,ME7,BATCH4,90,255,2025-05-28,18.92,NeuN+,EstTotalCount,3819827.0
19,918264,11,22L,BATCH4,90,224,2025-05-28,19.28,NeuN+,EstTotalCount,3850140.0
20,918276,18,ME7,BATCH4,120,240,2025-05-29,17.47,NeuN+,EstTotalCount,4245686.0
21,918274,3,22L,BATCH4,60,241,2025-05-29,18.07,NeuN+,EstTotalCount,4414339.0
22,918291,10,ME7,BATCH4,90,238,2025-06-02,19.23,NeuN+,EstTotalCount,3818391.0
23,917461,12,CBH,BATCH3,90,229,2025-06-02,19.78,NeuN+,EstTotalCount,5546126.0
24,918263,20,CBH,BATCH4,120,235,2025-06-03,17.6,NeuN+,EstTotalCount,4696603.0
25,916525,2,ME7,BATCH2,60,209,2025-06-03,17.58,NeuN+,EstTotalCount,6081797.0
26,916507,18,ME7,BATCH2,120,235,2025-06-04,19.2,NeuN+,EstTotalCount,5649668.0
27,916439,12,CBH,BATCH1,90,252,2025-06-04,19.38,NeuN+,EstTotalCount,6020931.0
28,916458,10,ME7,BATCH1,90,241,2025-06-10,18.9,NeuN+,EstTotalCount,3510850.0
29,918285,12,CBH,BATCH4,90,284,2025-06-10,19.63,NeuN+,EstTotalCount,5016801.0
30,918287,20,CBH,BATCH4,120,251,2025-06-11,18.42,NeuN+,EstTotalCount,3834071.0
31,916459,4,CBH,BATCH1,60,200,2025-06-11,18.67,NeuN+,EstTotalCount,4294491.0
32,918270,18,ME7,BATCH4,120,252,2025-06-12,17.52,NeuN+,EstTotalCount,6579571.0
33,916534,9,RML,BATCH2,90,213,2025-06-12,17.85,NeuN+,EstTotalCount,4110742.0
34,918271,11,22L,BATCH4,90,232,2025-06-16,19.83,NeuN+,EstTotalCount,4594096.0
35,916510,3,22L,BATCH2,60,242,2025-06-16,19.95,NeuN+,EstTotalCount,5213337.0
36,918269,19,22L,BATCH4,120,232,2025-06-17,17.58,NeuN+,EstTotalCount,5580031.0
37,918273,1,RML,BATCH4,60,179,2025-06-17,17.57,NeuN+,EstTotalCount,3027589.0
38,918284,3,22L,BATCH4,60,235,2025-06-18,18.9,NeuN+,EstTotalCount,6638607.0
39,917430,11,22L,BATCH3,90,207,2025-06-18,19.53,NeuN+,EstTotalCount,5411719.0
40,917442,2,ME7,BATCH3,60,248,2025-06-19,18.67,NeuN+,EstTotalCount,4392368.0
41,918267,18,ME7,BATCH4,120,234,2025-06-19,19.03,NeuN+,EstTotalCount,5213994.0
42,916486,2,ME7,BATCH1,60,241,2025-06-25,18.8,NeuN+,EstTotalCount,3902785.0
43,916445,11,22L,BATCH1,90,220,2025-06-25,19.33,NeuN+,EstTotalCount,5933505.0
44,916495,20,CBH,BATCH1,120,270,2025-06-26,18.78,NeuN+,EstTotalCount,7663752.0
45,918286,17,RML,BATCH4,120,197,2025-06-26,19.0,NeuN+,EstTotalCount,3979593.0
46,918266,20,CBH,BATCH4,120,254,2025-06-30,19.05,NeuN+,EstTotalCount,5318760.0
47,918268,3,22L,BATCH4,60,224,2025-06-30,19.73,NeuN+,EstTotalCount,5847055.0
48,918272,9,RML,BATCH4,90,215,2025-07-01,17.47,NeuN+,EstTotalCount,5241408.0
49,918281,11,22L,BATCH4,90,285,2025-07-01,17.77,NeuN+,EstTotalCount,4320476.0
50,916554,9,RML,BATCH2,90,262,2025-07-14,17.93,NeuN+,EstTotalCount,7023877.0
51,916477,17,RML,BATCH1,120,212,2025-07-15,17.52,NeuN+,EstTotalCount,6460500.0
52,916470,9,RML,BATCH1,90,281,2025-07-15,17.65,NeuN+,EstTotalCount,7526029.0
53,916515,19,22L,BATCH2,120,250,2025-07-14,18.0,NeuN+,EstTotalCount,5840646.0
54,918275,19,22L,BATCH4,120,212,2025-07-16,18.17,NeuN+,EstTotalCount,4223734.0
55,918311,2,ME7,BATCH4,60,189,2025-07-16,18.72,NeuN+,EstTotalCount,4496722.0
56,917447,10,ME7,BATCH3,90,237,2025-07-23,17.97,NeuN+,EstTotalCount,4944121.0
57,917425,20,CBH,BATCH3,120,238,2025-07-23,18.05,NeuN+,EstTotalCount,3377948.0
58,918262,19,22L,BATCH4,120,228,2025-08-07,17.72,NeuN+,EstTotalCount,6056519.0
59,916501,11,22L,BATCH2,90,245,2025-08-07,17.93,NeuN+,EstTotalCount,6308775.0
60,918288,9,RML,BATCH4,90,300,2025-08-11,20.12,NeuN+,EstTotalCount,8113432.0
61,916476,12,CBH,BATCH1,90,257,2025-08-11,20.38,NeuN+,EstTotalCount,5842246.0
62,916524,20,CBH,BATCH2,120,219,2025-08-12,18.7,NeuN+,EstTotalCount,4185660.0
63,916543,1,RML,BATCH2,60,203,2025-08-12,19.0,NeuN+,EstTotalCount,4085539.0
64,918283,17,RML,BATCH4,120,240,2025-08-13,16.73,NeuN+,EstTotalCount,5653525.0
65,918282,4,CBH,BATCH4,60,212,2025-08-13,17.25,NeuN+,EstTotalCount,5433749.0
66,917422,1,RML,BATCH3,60,252,2025-08-19,19.02,NeuN+,EstTotalCount,4851478.0
67,918318,4,CBH,BATCH4,60,221,2025-08-19,19.48,NeuN+,EstTotalCount,4554922.0
68,917440,4,CBH,BATCH3,60,254,2025-08-20,18.8,NeuN+,EstTotalCount,5347233.0
69,916468,19,22L,BATCH1,120,243,2025-08-20,19.43,NeuN+,EstTotalCount,5392978.0
70,917445,3,22L,BATCH3,60,294,2025-08-21,22.62,NeuN+,EstTotalCount,6112909.0
71,918278,17,RML,BATCH4,120,215,2025-08-21,18.08,NeuN+,EstTotalCount,5392996.0
72,918310,1,RML,BATCH4,60,246,2025-05-06,19.0,PU1+,EstTotalCount,144824.0
73,917423,19,22L,BATCH3,120,207,2025-05-06,19.67,PU1+,EstTotalCount,256364.0
74,918309,4,CBH,BATCH4,60,240,2025-05-07,16.92,PU1+,EstTotalCount,134314.0
75,916462,1,RML,BATCH1,60,248,2025-05-08,18.5,PU1+,EstTotalCount,140470.0
76,918277,9,RML,BATCH4,90,220,2025-05-08,18.98,PU1+,EstTotalCount,264586.0
77,917432,17,RML,BATCH3,120,245,2025-05-12,19.0,PU1+,EstTotalCount,292983.0
78,918304,2,ME7,BATCH4,60,237,2025-05-12,19.33,PU1+,EstTotalCount,137344.0
79,918279,10,ME7,BATCH4,90,255,2025-05-13,17.83,PU1+,EstTotalCount,153305.0
80,916466,3,22L,BATCH1,60,251,2025-05-14,18.67,PU1+,EstTotalCount,131077.0
81,916440,18,ME7,BATCH1,120,250,2025-05-14,19.25,PU1+,EstTotalCount,263336.0
82,918293,12,CBH,BATCH4,90,267,2025-05-15,17.45,PU1+,EstTotalCount,198242.0
83,916504,10,ME7,BATCH2,90,242,2025-05-19,18.83,PU1+,EstTotalCount,169315.0
84,918289,2,ME7,BATCH4,60,219,2025-05-19,19.17,PU1+,EstTotalCount,161425.0
85,918280,12,CBH,BATCH4,90,208,2025-05-20,17.17,PU1+,EstTotalCount,99394.0
86,918302,1,RML,BATCH4,60,270,2025-05-21,18.0,PU1+,EstTotalCount,151310.0
87,918296,4,CBH,BATCH4,60,200,2025-05-21,18.67,PU1+,EstTotalCount,113656.0
88,917444,18,ME7,BATCH3,120,252,2025-05-22,16.75,PU1+,EstTotalCount,232130.0
89,916500,17,RML,BATCH2,120,211,2025-05-22,18.28,PU1+,EstTotalCount,305444.0
90,918261,10,ME7,BATCH4,90,255,2025-05-28,18.92,PU1+,EstTotalCount,164940.0
91,918264,11,22L,BATCH4,90,224,2025-05-28,19.28,PU1+,EstTotalCount,150372.0
92,918276,18,ME7,BATCH4,120,240,2025-05-29,17.47,PU1+,EstTotalCount,240022.0
93,918274,3,22L,BATCH4,60,241,2025-05-29,18.07,PU1+,EstTotalCount,149380.0
94,918291,10,ME7,BATCH4,90,238,2025-06-02,19.23,PU1+,EstTotalCount,164982.0
95,917461,12,CBH,BATCH3,90,229,2025-06-02,19.78,PU1+,EstTotalCount,140509.0
96,918263,20,CBH,BATCH4,120,235,2025-06-03,17.6,PU1+,EstTotalCount,265987.0
97,916525,2,ME7,BATCH2,60,209,2025-06-03,17.58,PU1+,EstTotalCount,188388.0
98,916507,18,ME7,BATCH2,120,235,2025-06-04,19.2,PU1+,EstTotalCount,359240.0
99,916439,12,CBH,BATCH1,90,252,2025-06-04,19.38,PU1+,EstTotalCount,174208.0
100,916458,10,ME7,BATCH1,90,241,2025-06-10,18.9,PU1+,EstTotalCount,213572.0
101,918285,12,CBH,BATCH4,90,284,2025-06-10,19.63,PU1+,EstTotalCount,145999.0
102,918287,20,CBH,BATCH4,120,251,2025-06-11,18.42,PU1+,EstTotalCount,107237.0
103,916459,4,CBH,BATCH1,60,200,2025-06-11,18.67,PU1+,EstTotalCount,125636.0
104,918270,18,ME7,BATCH4,120,252,2025-06-12,17.52,PU1+,EstTotalCount,300895.0
105,916534,9,RML,BATCH2,90,213,2025-06-12,17.85,PU1+,EstTotalCount,256602.0
106,918271,11,22L,BATCH4,90,232,2025-06-16,19.83,PU1+,EstTotalCount,212404.0
107,916510,3,22L,BATCH2,60,242,2025-06-16,19.95,PU1+,EstTotalCount,178708.0
108,918269,19,22L,BATCH4,120,232,2025-06-17,17.58,PU1+,EstTotalCount,168156.0
109,918273,1,RML,BATCH4,60,179,2025-06-17,17.57,PU1+,EstTotalCount,114186.0
110,918284,3,22L,BATCH4,60,235,2025-06-18,18.9,PU1+,EstTotalCount,202884.0
111,917430,11,22L,BATCH3,90,207,2025-06-18,19.53,PU1+,EstTotalCount,253817.0
112,917442,2,ME7,BATCH3,60,248,2025-06-19,18.67,PU1+,EstTotalCount,272697.0
113,918267,18,ME7,BATCH4,120,234,2025-06-19,19.03,PU1+,EstTotalCount,374553.0
114,916486,2,ME7,BATCH1,60,241,2025-06-25,18.8,PU1+,EstTotalCount,190911.0
115,916445,11,22L,BATCH1,90,220,2025-06-25,19.33,PU1+,EstTotalCount,318621.0
116,916495,20,CBH,BATCH1,120,270,2025-06-26,18.78,PU1+,EstTotalCount,262389.0
117,918286,17,RML,BATCH4,120,197,2025-06-26,19.0,PU1+,EstTotalCount,312024.0
118,918266,20,CBH,BATCH4,120,254,2025-06-30,19.05,PU1+,EstTotalCount,334757.0
119,918268,3,22L,BATCH4,60,224,2025-06-30,19.73,PU1+,EstTotalCount,307741.0
120,918272,9,RML,BATCH4,90,215,2025-07-01,17.47,PU1+,EstTotalCount,222295.0
121,918281,11,22L,BATCH4,90,285,2025-07-01,17.77,PU1+,EstTotalCount,301658.0
122,916554,9,RML,BATCH2,90,262,2025-07-14,17.93,PU1+,EstTotalCount,520370.0
123,916477,17,RML,BATCH1,120,212,2025-07-15,17.52,PU1+,EstTotalCount,456473.0
124,916470,9,RML,BATCH1,90,281,2025-07-15,17.65,PU1+,EstTotalCount,429661.0
125,916515,19,22L,BATCH2,120,250,2025-07-14,18.0,PU1+,EstTotalCount,349635.0
126,918275,19,22L,BATCH4,120,212,2025-07-16,18.17,PU1+,EstTotalCount,153897.0
127,918311,2,ME7,BATCH4,60,189,2025-07-16,18.72,PU1+,EstTotalCount,206320.0
128,917447,10,ME7,BATCH3,90,237,2025-07-23,17.97,PU1+,EstTotalCount,317107.0
129,917425,20,CBH,BATCH3,120,238,2025-07-23,18.05,PU1+,EstTotalCount,134206.0
130,918262,19,22L,BATCH4,120,228,2025-08-07,17.72,PU1+,EstTotalCount,190641.0
131,916501,11,22L,BATCH2,90,245,2025-08-07,17.93,PU1+,EstTotalCount,307629.0
132,918288,9,RML,BATCH4,90,300,2025-08-11,20.12,PU1+,EstTotalCount,277872.0
133,916476,12,CBH,BATCH1,90,257,2025-08-11,20.38,PU1+,EstTotalCount,211080.0
134,916524,20,CBH,BATCH2,120,219,2025-08-12,18.7,PU1+,EstTotalCount,150659.0
135,916543,1,RML,BATCH2,60,203,2025-08-12,19.0,PU1+,EstTotalCount,195702.0
136,918283,17,RML,BATCH4,120,240,2025-08-13,16.73,PU1+,EstTotalCount,357527.0
137,918282,4,CBH,BATCH4,60,212,2025-08-13,17.25,PU1+,EstTotalCount,285441.0
138,917422,1,RML,BATCH3,60,252,2025-08-19,19.02,PU1+,EstTotalCount,172468.0
139,918318,4,CBH,BATCH4,60,221,2025-08-19,19.48,PU1+,EstTotalCount,171820.0
140,917440,4,CBH,BATCH3,60,254,2025-08-20,18.8,PU1+,EstTotalCount,211766.0
141,916468,19,22L,BATCH1,120,243,2025-08-20,19.43,PU1+,EstTotalCount,306715.0
142,917445,3,22L,BATCH3,60,294,2025-08-21,22.62,PU1+,EstTotalCount,253611.0
143,918278,17,RML,BATCH4,120,215,2025-08-21,18.08,PU1+,EstTotalCount,300484.0
144,918310,1,RML,BATCH4,60,246,2025-05-06,19.0,SOX10+,EstTotalCount,668362.0
145,917423,19,22L,BATCH3,120,207,2025-05-06,19.67,SOX10+,EstTotalCount,467283.0
146,918309,4,CBH,BATCH4,60,240,2025-05-07,16.92,SOX10+,EstTotalCount,645822.0
147,916462,1,RML,BATCH1,60,248,2025-05-08,18.5,SOX10+,EstTotalCount,706017.0
148,918277,9,RML,BATCH4,90,220,2025-05-08,18.98,SOX10+,EstTotalCount,905283.0
149,917432,17,RML,BATCH3,120,245,2025-05-12,19.0,SOX10+,EstTotalCount,519682.0
150,918304,2,ME7,BATCH4,60,237,2025-05-12,19.33,SOX10+,EstTotalCount,660082.0
151,918279,10,ME7,BATCH4,90,255,2025-05-13,17.83,SOX10+,EstTotalCount,869778.0
152,916466,3,22L,BATCH1,60,251,2025-05-14,18.67,SOX10+,EstTotalCount,592474.0
153,916440,18,ME7,BATCH1,120,250,2025-05-14,19.25,SOX10+,EstTotalCount,740542.0
154,918293,12,CBH,BATCH4,90,267,2025-05-15,17.45,SOX10+,EstTotalCount,1116808.0
155,916504,10,ME7,BATCH2,90,242,2025-05-19,18.83,SOX10+,EstTotalCount,715208.0
156,918289,2,ME7,BATCH4,60,219,2025-05-19,19.17,SOX10+,EstTotalCount,854318.0
157,918280,12,CBH,BATCH4,90,208,2025-05-20,17.17,SOX10+,EstTotalCount,652327.0
158,918302,1,RML,BATCH4,60,270,2025-05-21,18.0,SOX10+,EstTotalCount,720499.0
159,918296,4,CBH,BATCH4,60,200,2025-05-21,18.67,SOX10+,EstTotalCount,602983.0
160,917444,18,ME7,BATCH3,120,252,2025-05-22,16.75,SOX10+,EstTotalCount,663038.0
161,916500,17,RML,BATCH2,120,211,2025-05-22,18.28,SOX10+,EstTotalCount,710427.0
162,918261,10,ME7,BATCH4,90,255,2025-05-28,18.92,SOX10+,EstTotalCount,1004411.0
163,918264,11,22L,BATCH4,90,224,2025-05-28,19.28,SOX10+,EstTotalCount,740369.0
164,918276,18,ME7,BATCH4,120,240,2025-05-29,17.47,SOX10+,EstTotalCount,1057894.0
165,918274,3,22L,BATCH4,60,241,2025-05-29,18.07,SOX10+,EstTotalCount,547613.0
166,918291,10,ME7,BATCH4,90,238,2025-06-02,19.23,SOX10+,EstTotalCount,715170.0
167,917461,12,CBH,BATCH3,90,229,2025-06-02,19.78,SOX10+,EstTotalCount,812006.0
168,918263,20,CBH,BATCH4,120,235,2025-06-03,17.6,SOX10+,EstTotalCount,906183.0
169,916525,2,ME7,BATCH2,60,209,2025-06-03,17.58,SOX10+,EstTotalCount,1138063.0
170,916507,18,ME7,BATCH2,120,235,2025-06-04,19.2,SOX10+,EstTotalCount,1219908.0
171,916439,12,CBH,BATCH1,90,252,2025-06-04,19.38,SOX10+,EstTotalCount,1109079.0
172,916458,10,ME7,BATCH1,90,241,2025-06-10,18.9,SOX10+,EstTotalCount,607854.0
173,918285,12,CBH,BATCH4,90,284,2025-06-10,19.63,SOX10+,EstTotalCount,1109142.0
174,918287,20,CBH,BATCH4,120,251,2025-06-11,18.42,SOX10+,EstTotalCount,992565.0
175,916459,4,CBH,BATCH1,60,200,2025-06-11,18.67,SOX10+,EstTotalCount,670990.0
176,918270,18,ME7,BATCH4,120,252,2025-06-12,17.52,SOX10+,EstTotalCount,1413153.0
177,916534,9,RML,BATCH2,90,213,2025-06-12,17.85,SOX10+,EstTotalCount,905025.0
178,918271,11,22L,BATCH4,90,232,2025-06-16,19.83,SOX10+,EstTotalCount,856439.0
179,916510,3,22L,BATCH2,60,242,2025-06-16,19.95,SOX10+,EstTotalCount,1147471.0
180,918269,19,22L,BATCH4,120,232,2025-06-17,17.58,SOX10+,EstTotalCount,1306084.0
181,918273,1,RML,BATCH4,60,179,2025-06-17,17.57,SOX10+,EstTotalCount,719696.0
182,918284,3,22L,BATCH4,60,235,2025-06-18,18.9,SOX10+,EstTotalCount,1214219.0
183,917430,11,22L,BATCH3,90,207,2025-06-18,19.53,SOX10+,EstTotalCount,811748.0
184,917442,2,ME7,BATCH3,60,248,2025-06-19,18.67,SOX10+,EstTotalCount,827083.0
185,918267,18,ME7,BATCH4,120,234,2025-06-19,19.03,SOX10+,EstTotalCount,1341406.0
186,916486,2,ME7,BATCH1,60,241,2025-06-25,18.8,SOX10+,EstTotalCount,1028665.0
187,916445,11,22L,BATCH1,90,220,2025-06-25,19.33,SOX10+,EstTotalCount,953757.0
188,916495,20,CBH,BATCH1,120,270,2025-06-26,18.78,SOX10+,EstTotalCount,1377331.0
189,918286,17,RML,BATCH4,120,197,2025-06-26,19.0,SOX10+,EstTotalCount,811349.0
190,918266,20,CBH,BATCH4,120,254,2025-06-30,19.05,SOX10+,EstTotalCount,1176308.0
191,918268,3,22L,BATCH4,60,224,2025-06-30,19.73,SOX10+,EstTotalCount,1336045.0
192,918272,9,RML,BATCH4,90,215,2025-07-01,17.47,SOX10+,EstTotalCount,1093843.0
193,918281,11,22L,BATCH4,90,285,2025-07-01,17.77,SOX10+,EstTotalCount,1224530.0
194,916554,9,RML,BATCH2,90,262,2025-07-14,17.93,SOX10+,EstTotalCount,1366271.0
195,916477,17,RML,BATCH1,120,212,2025-07-15,17.52,SOX10+,EstTotalCount,1245036.0
196,916470,9,RML,BATCH1,90,281,2025-07-15,17.65,SOX10+,EstTotalCount,1199847.0
197,916515,19,22L,BATCH2,120,250,2025-07-14,18.0,SOX10+,EstTotalCount,1204151.0
198,918275,19,22L,BATCH4,120,212,2025-07-16,18.17,SOX10+,EstTotalCount,884424.0
199,918311,2,ME7,BATCH4,60,189,2025-07-16,18.72,SOX10+,EstTotalCount,958825.0
200,917447,10,ME7,BATCH3,90,237,2025-07-23,17.97,SOX10+,EstTotalCount,1195770.0
201,917425,20,CBH,BATCH3,120,238,2025-07-23,18.05,SOX10+,EstTotalCount,729342.0
202,918262,19,22L,BATCH4,120,228,2025-08-07,17.72,SOX10+,EstTotalCount,1189360.0
203,916501,11,22L,BATCH2,90,245,2025-08-07,17.93,SOX10+,EstTotalCount,1086085.0
204,918288,9,RML,BATCH4,90,300,2025-08-11,20.12,SOX10+,EstTotalCount,1497344.0
205,916476,12,CBH,BATCH1,90,257,2025-08-11,20.38,SOX10+,EstTotalCount,1119555.0
206,916524,20,CBH,BATCH2,120,219,2025-08-12,18.7,SOX10+,EstTotalCount,1005121.0
207,916543,1,RML,BATCH2,60,203,2025-08-12,19.0,SOX10+,EstTotalCount,1108861.0
208,918283,17,RML,BATCH4,120,240,2025-08-13,16.73,SOX10+,EstTotalCount,1416380.0
209,918282,4,CBH,BATCH4,60,212,2025-08-13,17.25,SOX10+,EstTotalCount,605028.0
210,917422,1,RML,BATCH3,60,252,2025-08-19,19.02,SOX10+,EstTotalCount,804707.0
211,918318,4,CBH,BATCH4,60,221,2025-08-19,19.48,SOX10+,EstTotalCount,453511.0
212,917440,4,CBH,BATCH3,60,254,2025-08-20,18.8,SOX10+,EstTotalCount,758600.0
213,916468,19,22L,BATCH1,120,243,2025-08-20,19.43,SOX10+,EstTotalCount,849748.0
214,917445,3,22L,BATCH3,60,294,2025-08-21,22.62,SOX10+,EstTotalCount,1250343.0
215,918278,17,RML,BATCH4,120,215,2025-08-21,18.08,SOX10+,EstTotalCount,1154194.0
216,918310,1,RML,BATCH4,60,246,2025-05-06,19.0,SOX2+,EstTotalCount,249886.0
217,917423,19,22L,BATCH3,120,207,2025-05-06,19.67,SOX2+,EstTotalCount,122749.0
218,918309,4,CBH,BATCH4,60,240,2025-05-07,16.92,SOX2+,EstTotalCount,234638.0
219,916462,1,RML,BATCH1,60,248,2025-05-08,18.5,SOX2+,EstTotalCount,244351.0
220,918277,9,RML,BATCH4,90,220,2025-05-08,18.98,SOX2+,EstTotalCount,298508.0
221,917432,17,RML,BATCH3,120,245,2025-05-12,19.0,SOX2+,EstTotalCount,118225.0
222,918304,2,ME7,BATCH4,60,237,2025-05-12,19.33,SOX2+,EstTotalCount,182941.0
223,918279,10,ME7,BATCH4,90,255,2025-05-13,17.83,SOX2+,EstTotalCount,286994.0
224,916466,3,22L,BATCH1,60,251,2025-05-14,18.67,SOX2+,EstTotalCount,175229.0
225,916440,18,ME7,BATCH1,120,250,2025-05-14,19.25,SOX2+,EstTotalCount,140863.0
226,918293,12,CBH,BATCH4,90,267,2025-05-15,17.45,SOX2+,EstTotalCount,306348.0
227,916504,10,ME7,BATCH2,90,242,2025-05-19,18.83,SOX2+,EstTotalCount,284095.0
228,918289,2,ME7,BATCH4,60,219,2025-05-19,19.17,SOX2+,EstTotalCount,183003.0
229,918280,12,CBH,BATCH4,90,208,2025-05-20,17.17,SOX2+,EstTotalCount,243713.0
230,918302,1,RML,BATCH4,60,270,2025-05-21,18.0,SOX2+,EstTotalCount,240907.0
231,918296,4,CBH,BATCH4,60,200,2025-05-21,18.67,SOX2+,EstTotalCount,161995.0
232,917444,18,ME7,BATCH3,120,252,2025-05-22,16.75,SOX2+,EstTotalCount,148468.0
233,916500,17,RML,BATCH2,120,211,2025-05-22,18.28,SOX2+,EstTotalCount,182984.0
234,918261,10,ME7,BATCH4,90,255,2025-05-28,18.92,SOX2+,EstTotalCount,323672.0
235,918264,11,22L,BATCH4,90,224,2025-05-28,19.28,SOX2+,EstTotalCount,225320.0
236,918276,18,ME7,BATCH4,120,240,2025-05-29,17.47,SOX2+,EstTotalCount,267543.0
237,918274,3,22L,BATCH4,60,241,2025-05-29,18.07,SOX2+,EstTotalCount,157122.0
238,918291,10,ME7,BATCH4,90,238,2025-06-02,19.23,SOX2+,EstTotalCount,263196.0
239,917461,12,CBH,BATCH3,90,229,2025-06-02,19.78,SOX2+,EstTotalCount,314075.0
240,918263,20,CBH,BATCH4,120,235,2025-06-03,17.6,SOX2+,EstTotalCount,172787.0
241,916525,2,ME7,BATCH2,60,209,2025-06-03,17.58,SOX2+,EstTotalCount,432133.0
242,916507,18,ME7,BATCH2,120,235,2025-06-04,19.2,SOX2+,EstTotalCount,249441.0
243,916439,12,CBH,BATCH1,90,252,2025-06-04,19.38,SOX2+,EstTotalCount,358158.0
244,916458,10,ME7,BATCH1,90,241,2025-06-10,18.9,SOX2+,EstTotalCount,198941.0
245,918285,12,CBH,BATCH4,90,284,2025-06-10,19.63,SOX2+,EstTotalCount,336610.0
246,918287,20,CBH,BATCH4,120,251,2025-06-11,18.42,SOX2+,EstTotalCount,329658.0
247,916459,4,CBH,BATCH1,60,200,2025-06-11,18.67,SOX2+,EstTotalCount,205588.0
248,918270,18,ME7,BATCH4,120,252,2025-06-12,17.52,SOX2+,EstTotalCount,317167.0
249,916534,9,RML,BATCH2,90,213,2025-06-12,17.85,SOX2+,EstTotalCount,180974.0
250,918271,11,22L,BATCH4,90,232,2025-06-16,19.83,SOX2+,EstTotalCount,207345.0
251,916510,3,22L,BATCH2,60,242,2025-06-16,19.95,SOX2+,EstTotalCount,415765.0
252,918269,19,22L,BATCH4,120,232,2025-06-17,17.58,SOX2+,EstTotalCount,447223.0
253,918273,1,RML,BATCH4,60,179,2025-06-17,17.57,SOX2+,EstTotalCount,247595.0
254,918284,3,22L,BATCH4,60,235,2025-06-18,18.9,SOX2+,EstTotalCount,381006.0
255,917430,11,22L,BATCH3,90,207,2025-06-18,19.53,SOX2+,EstTotalCount,189516.0
256,917442,2,ME7,BATCH3,60,248,2025-06-19,18.67,SOX2+,EstTotalCount,222704.0
257,918267,18,ME7,BATCH4,120,234,2025-06-19,19.03,SOX2+,EstTotalCount,199083.0
258,916486,2,ME7,BATCH1,60,241,2025-06-25,18.8,SOX2+,EstTotalCount,162677.0
259,916445,11,22L,BATCH1,90,220,2025-06-25,19.33,SOX2+,EstTotalCount,250349.0
260,916495,20,CBH,BATCH1,120,270,2025-06-26,18.78,SOX2+,EstTotalCount,445012.0
261,918286,17,RML,BATCH4,120,197,2025-06-26,19.0,SOX2+,EstTotalCount,176568.0
262,918266,20,CBH,BATCH4,120,254,2025-06-30,19.05,SOX2+,EstTotalCount,269857.0
263,918268,3,22L,BATCH4,60,224,2025-06-30,19.73,SOX2+,EstTotalCount,337450.0
264,918272,9,RML,BATCH4,90,215,2025-07-01,17.47,SOX2+,EstTotalCount,320950.0
265,918281,11,22L,BATCH4,90,285,2025-07-01,17.77,SOX2+,EstTotalCount,366102.0
266,916554,9,RML,BATCH2,90,262,2025-07-14,17.93,SOX2+,EstTotalCount,326903.0
267,916477,17,RML,BATCH1,120,212,2025-07-15,17.52,SOX2+,EstTotalCount,307945.0
268,916470,9,RML,BATCH1,90,281,2025-07-15,17.65,SOX2+,EstTotalCount,331754.0
269,916515,19,22L,BATCH2,120,250,2025-07-14,18.0,SOX2+,EstTotalCount,211377.0
270,918275,19,22L,BATCH4,120,212,2025-07-16,18.17,SOX2+,EstTotalCount,416529.0
271,918311,2,ME7,BATCH4,60,189,2025-07-16,18.72,SOX2+,EstTotalCount,415028.0
272,917447,10,ME7,BATCH3,90,237,2025-07-23,17.97,SOX2+,EstTotalCount,294088.0
273,917425,20,CBH,BATCH3,120,238,2025-07-23,18.05,SOX2+,EstTotalCount,246489.0
274,918262,19,22L,BATCH4,120,228,2025-08-07,17.72,SOX2+,EstTotalCount,390451.0
275,916501,11,22L,BATCH2,90,245,2025-08-07,17.93,SOX2+,EstTotalCount,253274.0
276,918288,9,RML,BATCH4,90,300,2025-08-11,20.12,SOX2+,EstTotalCount,268836.0
277,916476,12,CBH,BATCH1,90,257,2025-08-11,20.38,SOX2+,EstTotalCount,268988.0
278,916524,20,CBH,BATCH2,120,219,2025-08-12,18.7,SOX2+,EstTotalCount,231919.0
279,916543,1,RML,BATCH2,60,203,2025-08-12,19.0,SOX2+,EstTotalCount,273467.0
280,918283,17,RML,BATCH4,120,240,2025-08-13,16.73,SOX2+,EstTotalCount,227309.0
281,918282,4,CBH,BATCH4,60,212,2025-08-13,17.25,SOX2+,EstTotalCount,250345.0
282,917422,1,RML,BATCH3,60,252,2025-08-19,19.02,SOX2+,EstTotalCount,229649.0
283,918318,4,CBH,BATCH4,60,221,2025-08-19,19.48,SOX2+,EstTotalCount,152305.0
284,917440,4,CBH,BATCH3,60,254,2025-08-20,18.8,SOX2+,EstTotalCount,261952.0
285,916468,19,22L,BATCH1,120,243,2025-08-20,19.43,SOX2+,EstTotalCount,171849.0
286,917445,3,22L,BATCH3,60,294,2025-08-21,22.62,SOX2+,EstTotalCount,358748.0
287,918278,17,RML,BATCH4,120,215,2025-08-21,18.08,SOX2+,EstTotalCount,174691.0
288,918310,1,RML,BATCH4,60,246,2025-05-06,19.0,PU1+,EstTotalCount_per_mg,588.7154471544716
289,917423,19,22L,BATCH3,120,207,2025-05-06,19.67,PU1+,EstTotalCount_per_mg,1238.4734299516908
290,918309,4,CBH,BATCH4,60,240,2025-05-07,16.92,PU1+,EstTotalCount_per_mg,559.6416666666667
291,916462,1,RML,BATCH1,60,248,2025-05-08,18.5,PU1+,EstTotalCount_per_mg,566.4112903225806
292,918277,9,RML,BATCH4,90,220,2025-05-08,18.98,PU1+,EstTotalCount_per_mg,1202.6636363636364
293,917432,17,RML,BATCH3,120,245,2025-05-12,19.0,PU1+,EstTotalCount_per_mg,1195.8489795918367
294,918304,2,ME7,BATCH4,60,237,2025-05-12,19.33,PU1+,EstTotalCount_per_mg,579.5105485232068
295,918279,10,ME7,BATCH4,90,255,2025-05-13,17.83,PU1+,EstTotalCount_per_mg,601.1960784313726
296,916466,3,22L,BATCH1,60,251,2025-05-14,18.67,PU1+,EstTotalCount_per_mg,522.2191235059761
297,916440,18,ME7,BATCH1,120,250,2025-05-14,19.25,PU1+,EstTotalCount_per_mg,1053.344
298,918293,12,CBH,BATCH4,90,267,2025-05-15,17.45,PU1+,EstTotalCount_per_mg,742.4794007490636
299,916504,10,ME7,BATCH2,90,242,2025-05-19,18.83,PU1+,EstTotalCount_per_mg,699.6487603305785
300,918289,2,ME7,BATCH4,60,219,2025-05-19,19.17,PU1+,EstTotalCount_per_mg,737.1004566210046
301,918280,12,CBH,BATCH4,90,208,2025-05-20,17.17,PU1+,EstTotalCount_per_mg,477.8557692307692
302,918302,1,RML,BATCH4,60,270,2025-05-21,18.0,PU1+,EstTotalCount_per_mg,560.4074074074074
303,918296,4,CBH,BATCH4,60,200,2025-05-21,18.67,PU1+,EstTotalCount_per_mg,568.28
304,917444,18,ME7,BATCH3,120,252,2025-05-22,16.75,PU1+,EstTotalCount_per_mg,921.1507936507936
305,916500,17,RML,BATCH2,120,211,2025-05-22,18.28,PU1+,EstTotalCount_per_mg,1447.601895734597
306,918261,10,ME7,BATCH4,90,255,2025-05-28,18.92,PU1+,EstTotalCount_per_mg,646.8235294117648
307,918264,11,22L,BATCH4,90,224,2025-05-28,19.28,PU1+,EstTotalCount_per_mg,671.3035714285714
308,918276,18,ME7,BATCH4,120,240,2025-05-29,17.47,PU1+,EstTotalCount_per_mg,1000.0916666666667
309,918274,3,22L,BATCH4,60,241,2025-05-29,18.07,PU1+,EstTotalCount_per_mg,619.8340248962655
310,918291,10,ME7,BATCH4,90,238,2025-06-02,19.23,PU1+,EstTotalCount_per_mg,693.2016806722689
311,917461,12,CBH,BATCH3,90,229,2025-06-02,19.78,PU1+,EstTotalCount_per_mg,613.5764192139738
312,918263,20,CBH,BATCH4,120,235,2025-06-03,17.6,PU1+,EstTotalCount_per_mg,1131.8595744680852
313,916525,2,ME7,BATCH2,60,209,2025-06-03,17.58,PU1+,EstTotalCount_per_mg,901.377990430622
314,916507,18,ME7,BATCH2,120,235,2025-06-04,19.2,PU1+,EstTotalCount_per_mg,1528.6808510638298
315,916439,12,CBH,BATCH1,90,252,2025-06-04,19.38,PU1+,EstTotalCount_per_mg,691.3015873015873
316,916458,10,ME7,BATCH1,90,241,2025-06-10,18.9,PU1+,EstTotalCount_per_mg,886.1908713692947
317,918285,12,CBH,BATCH4,90,284,2025-06-10,19.63,PU1+,EstTotalCount_per_mg,514.080985915493
318,918287,20,CBH,BATCH4,120,251,2025-06-11,18.42,PU1+,EstTotalCount_per_mg,427.2390438247012
319,916459,4,CBH,BATCH1,60,200,2025-06-11,18.67,PU1+,EstTotalCount_per_mg,628.18
320,918270,18,ME7,BATCH4,120,252,2025-06-12,17.52,PU1+,EstTotalCount_per_mg,1194.0277777777778
321,916534,9,RML,BATCH2,90,213,2025-06-12,17.85,PU1+,EstTotalCount_per_mg,1204.7042253521126
322,918271,11,22L,BATCH4,90,232,2025-06-16,19.83,PU1+,EstTotalCount_per_mg,915.5344827586207
323,916510,3,22L,BATCH2,60,242,2025-06-16,19.95,PU1+,EstTotalCount_per_mg,738.4628099173553
324,918269,19,22L,BATCH4,120,232,2025-06-17,17.58,PU1+,EstTotalCount_per_mg,724.8103448275862
325,918273,1,RML,BATCH4,60,179,2025-06-17,17.57,PU1+,EstTotalCount_per_mg,637.9106145251396
326,918284,3,22L,BATCH4,60,235,2025-06-18,18.9,PU1+,EstTotalCount_per_mg,863.336170212766
327,917430,11,22L,BATCH3,90,207,2025-06-18,19.53,PU1+,EstTotalCount_per_mg,1226.1690821256038
328,917442,2,ME7,BATCH3,60,248,2025-06-19,18.67,PU1+,EstTotalCount_per_mg,1099.5846774193549
329,918267,18,ME7,BATCH4,120,234,2025-06-19,19.03,PU1+,EstTotalCount_per_mg,1600.6538461538462
330,916486,2,ME7,BATCH1,60,241,2025-06-25,18.8,PU1+,EstTotalCount_per_mg,792.161825726141
331,916445,11,22L,BATCH1,90,220,2025-06-25,19.33,PU1+,EstTotalCount_per_mg,1448.2772727272727
332,916495,20,CBH,BATCH1,120,270,2025-06-26,18.78,PU1+,EstTotalCount_per_mg,971.8111111111111
333,918286,17,RML,BATCH4,120,197,2025-06-26,19.0,PU1+,EstTotalCount_per_mg,1583.8781725888325
334,918266,20,CBH,BATCH4,120,254,2025-06-30,19.05,PU1+,EstTotalCount_per_mg,1317.9409448818897
335,918268,3,22L,BATCH4,60,224,2025-06-30,19.73,PU1+,EstTotalCount_per_mg,1373.84375
336,918272,9,RML,BATCH4,90,215,2025-07-01,17.47,PU1+,EstTotalCount_per_mg,1033.9302325581396
337,918281,11,22L,BATCH4,90,285,2025-07-01,17.77,PU1+,EstTotalCount_per_mg,1058.4491228070176
338,916554,9,RML,BATCH2,90,262,2025-07-14,17.93,PU1+,EstTotalCount_per_mg,1986.145038167939
339,916477,17,RML,BATCH1,120,212,2025-07-15,17.52,PU1+,EstTotalCount_per_mg,2153.1745283018868
340,916470,9,RML,BATCH1,90,281,2025-07-15,17.65,PU1+,EstTotalCount_per_mg,1529.0427046263346
341,916515,19,22L,BATCH2,120,250,2025-07-14,18.0,PU1+,EstTotalCount_per_mg,1398.54
342,918275,19,22L,BATCH4,120,212,2025-07-16,18.17,PU1+,EstTotalCount_per_mg,725.9292452830189
343,918311,2,ME7,BATCH4,60,189,2025-07-16,18.72,PU1+,EstTotalCount_per_mg,1091.6402116402116
344,917447,10,ME7,BATCH3,90,237,2025-07-23,17.97,PU1+,EstTotalCount_per_mg,1338.0042194092828
345,917425,20,CBH,BATCH3,120,238,2025-07-23,18.05,PU1+,EstTotalCount_per_mg,563.890756302521
346,918262,19,22L,BATCH4,120,228,2025-08-07,17.72,PU1+,EstTotalCount_per_mg,836.1447368421053
347,916501,11,22L,BATCH2,90,245,2025-08-07,17.93,PU1+,EstTotalCount_per_mg,1255.6285714285714
348,918288,9,RML,BATCH4,90,300,2025-08-11,20.12,PU1+,EstTotalCount_per_mg,926.24
349,916476,12,CBH,BATCH1,90,257,2025-08-11,20.38,PU1+,EstTotalCount_per_mg,821.3229571984435
350,916524,20,CBH,BATCH2,120,219,2025-08-12,18.7,PU1+,EstTotalCount_per_mg,687.9406392694063
351,916543,1,RML,BATCH2,60,203,2025-08-12,19.0,PU1+,EstTotalCount_per_mg,964.0492610837439
352,918283,17,RML,BATCH4,120,240,2025-08-13,16.73,PU1+,EstTotalCount_per_mg,1489.6958333333334
353,918282,4,CBH,BATCH4,60,212,2025-08-13,17.25,PU1+,EstTotalCount_per_mg,1346.4198113207547
354,917422,1,RML,BATCH3,60,252,2025-08-19,19.02,PU1+,EstTotalCount_per_mg,684.3968253968254
355,918318,4,CBH,BATCH4,60,221,2025-08-19,19.48,PU1+,EstTotalCount_per_mg,777.4660633484162
356,917440,4,CBH,BATCH3,60,254,2025-08-20,18.8,PU1+,EstTotalCount_per_mg,833.7244094488188
357,916468,19,22L,BATCH1,120,243,2025-08-20,19.43,PU1+,EstTotalCount_per_mg,1262.201646090535
358,917445,3,22L,BATCH3,60,294,2025-08-21,22.62,PU1+,EstTotalCount_per_mg,862.6224489795918
359,918278,17,RML,BATCH4,120,215,2025-08-21,18.08,PU1+,EstTotalCount_per_mg,1397.6
360,918310,1,RML,BATCH4,60,246,2025-05-06,19.0,NeuN+,EstTotalCount_per_mg,17721.39837398374
361,917423,19,22L,BATCH3,120,207,2025-05-06,19.67,NeuN+,EstTotalCount_per_mg,14075.642512077295
362,918309,4,CBH,BATCH4,60,240,2025-05-07,16.92,NeuN+,EstTotalCount_per_mg,20905.925
363,916462,1,RML,BATCH1,60,248,2025-05-08,18.5,NeuN+,EstTotalCount_per_mg,17436.58870967742
364,918277,9,RML,BATCH4,90,220,2025-05-08,18.98,NeuN+,EstTotalCount_per_mg,23192.063636363637
365,917432,17,RML,BATCH3,120,245,2025-05-12,19.0,NeuN+,EstTotalCount_per_mg,9865.632653061224
366,918304,2,ME7,BATCH4,60,237,2025-05-12,19.33,NeuN+,EstTotalCount_per_mg,15789.337552742616
367,918279,10,ME7,BATCH4,90,255,2025-05-13,17.83,NeuN+,EstTotalCount_per_mg,14527.972549019607
368,916466,3,22L,BATCH1,60,251,2025-05-14,18.67,NeuN+,EstTotalCount_per_mg,14165.27091633466
369,916440,18,ME7,BATCH1,120,250,2025-05-14,19.25,NeuN+,EstTotalCount_per_mg,12683.236
370,918293,12,CBH,BATCH4,90,267,2025-05-15,17.45,NeuN+,EstTotalCount_per_mg,14055.756554307116
371,916504,10,ME7,BATCH2,90,242,2025-05-19,18.83,NeuN+,EstTotalCount_per_mg,16507.89256198347
372,918289,2,ME7,BATCH4,60,219,2025-05-19,19.17,NeuN+,EstTotalCount_per_mg,17893.0502283105
373,918280,12,CBH,BATCH4,90,208,2025-05-20,17.17,NeuN+,EstTotalCount_per_mg,16488.75
374,918302,1,RML,BATCH4,60,270,2025-05-21,18.0,NeuN+,EstTotalCount_per_mg,15620.292592592592
375,918296,4,CBH,BATCH4,60,200,2025-05-21,18.67,NeuN+,EstTotalCount_per_mg,10829.275
376,917444,18,ME7,BATCH3,120,252,2025-05-22,16.75,NeuN+,EstTotalCount_per_mg,13908.416666666666
377,916500,17,RML,BATCH2,120,211,2025-05-22,18.28,NeuN+,EstTotalCount_per_mg,18381.066350710902
378,918261,10,ME7,BATCH4,90,255,2025-05-28,18.92,NeuN+,EstTotalCount_per_mg,14979.713725490195
379,918264,11,22L,BATCH4,90,224,2025-05-28,19.28,NeuN+,EstTotalCount_per_mg,17188.125
380,918276,18,ME7,BATCH4,120,240,2025-05-29,17.47,NeuN+,EstTotalCount_per_mg,17690.358333333334
381,918274,3,22L,BATCH4,60,241,2025-05-29,18.07,NeuN+,EstTotalCount_per_mg,18316.759336099585
382,918291,10,ME7,BATCH4,90,238,2025-06-02,19.23,NeuN+,EstTotalCount_per_mg,16043.659663865546
383,917461,12,CBH,BATCH3,90,229,2025-06-02,19.78,NeuN+,EstTotalCount_per_mg,24218.890829694323
384,918263,20,CBH,BATCH4,120,235,2025-06-03,17.6,NeuN+,EstTotalCount_per_mg,19985.544680851064
385,916525,2,ME7,BATCH2,60,209,2025-06-03,17.58,NeuN+,EstTotalCount_per_mg,29099.507177033494
386,916507,18,ME7,BATCH2,120,235,2025-06-04,19.2,NeuN+,EstTotalCount_per_mg,24041.140425531914
387,916439,12,CBH,BATCH1,90,252,2025-06-04,19.38,NeuN+,EstTotalCount_per_mg,23892.583333333332
388,916458,10,ME7,BATCH1,90,241,2025-06-10,18.9,NeuN+,EstTotalCount_per_mg,14567.842323651452
389,918285,12,CBH,BATCH4,90,284,2025-06-10,19.63,NeuN+,EstTotalCount_per_mg,17664.792253521126
390,918287,20,CBH,BATCH4,120,251,2025-06-11,18.42,NeuN+,EstTotalCount_per_mg,15275.18326693227
391,916459,4,CBH,BATCH1,60,200,2025-06-11,18.67,NeuN+,EstTotalCount_per_mg,21472.455
392,918270,18,ME7,BATCH4,120,252,2025-06-12,17.52,NeuN+,EstTotalCount_per_mg,26109.40873015873
393,916534,9,RML,BATCH2,90,213,2025-06-12,17.85,NeuN+,EstTotalCount_per_mg,19299.25821596244
394,918271,11,22L,BATCH4,90,232,2025-06-16,19.83,NeuN+,EstTotalCount_per_mg,19802.137931034482
395,916510,3,22L,BATCH2,60,242,2025-06-16,19.95,NeuN+,EstTotalCount_per_mg,21542.714876033056
396,918269,19,22L,BATCH4,120,232,2025-06-17,17.58,NeuN+,EstTotalCount_per_mg,24051.85775862069
397,918273,1,RML,BATCH4,60,179,2025-06-17,17.57,NeuN+,EstTotalCount_per_mg,16913.90502793296
398,918284,3,22L,BATCH4,60,235,2025-06-18,18.9,NeuN+,EstTotalCount_per_mg,28249.391489361704
399,917430,11,22L,BATCH3,90,207,2025-06-18,19.53,NeuN+,EstTotalCount_per_mg,26143.57004830918
400,917442,2,ME7,BATCH3,60,248,2025-06-19,18.67,NeuN+,EstTotalCount_per_mg,17711.16129032258
401,918267,18,ME7,BATCH4,120,234,2025-06-19,19.03,NeuN+,EstTotalCount_per_mg,22282.02564102564
402,916486,2,ME7,BATCH1,60,241,2025-06-25,18.8,NeuN+,EstTotalCount_per_mg,16194.128630705394
403,916445,11,22L,BATCH1,90,220,2025-06-25,19.33,NeuN+,EstTotalCount_per_mg,26970.477272727272
404,916495,20,CBH,BATCH1,120,270,2025-06-26,18.78,NeuN+,EstTotalCount_per_mg,28384.266666666666
405,918286,17,RML,BATCH4,120,197,2025-06-26,19.0,NeuN+,EstTotalCount_per_mg,20200.979695431473
406,918266,20,CBH,BATCH4,120,254,2025-06-30,19.05,NeuN+,EstTotalCount_per_mg,20940.0
407,918268,3,22L,BATCH4,60,224,2025-06-30,19.73,NeuN+,EstTotalCount_per_mg,26102.92410714286
408,918272,9,RML,BATCH4,90,215,2025-07-01,17.47,NeuN+,EstTotalCount_per_mg,24378.641860465115
409,918281,11,22L,BATCH4,90,285,2025-07-01,17.77,NeuN+,EstTotalCount_per_mg,15159.564912280703
410,916554,9,RML,BATCH2,90,262,2025-07-14,17.93,NeuN+,EstTotalCount_per_mg,26808.690839694656
411,916477,17,RML,BATCH1,120,212,2025-07-15,17.52,NeuN+,EstTotalCount_per_mg,30474.056603773584
412,916470,9,RML,BATCH1,90,281,2025-07-15,17.65,NeuN+,EstTotalCount_per_mg,26783.021352313168
413,916515,19,22L,BATCH2,120,250,2025-07-14,18.0,NeuN+,EstTotalCount_per_mg,23362.584
414,918275,19,22L,BATCH4,120,212,2025-07-16,18.17,NeuN+,EstTotalCount_per_mg,19923.27358490566
415,918311,2,ME7,BATCH4,60,189,2025-07-16,18.72,NeuN+,EstTotalCount_per_mg,23792.179894179895
416,917447,10,ME7,BATCH3,90,237,2025-07-23,17.97,NeuN+,EstTotalCount_per_mg,20861.270042194094
417,917425,20,CBH,BATCH3,120,238,2025-07-23,18.05,NeuN+,EstTotalCount_per_mg,14193.058823529413
418,918262,19,22L,BATCH4,120,228,2025-08-07,17.72,NeuN+,EstTotalCount_per_mg,26563.679824561405
419,916501,11,22L,BATCH2,90,245,2025-08-07,17.93,NeuN+,EstTotalCount_per_mg,25750.102040816328
420,918288,9,RML,BATCH4,90,300,2025-08-11,20.12,NeuN+,EstTotalCount_per_mg,27044.773333333334
421,916476,12,CBH,BATCH1,90,257,2025-08-11,20.38,NeuN+,EstTotalCount_per_mg,22732.474708171205
422,916524,20,CBH,BATCH2,120,219,2025-08-12,18.7,NeuN+,EstTotalCount_per_mg,19112.602739726026
423,916543,1,RML,BATCH2,60,203,2025-08-12,19.0,NeuN+,EstTotalCount_per_mg,20125.8078817734
424,918283,17,RML,BATCH4,120,240,2025-08-13,16.73,NeuN+,EstTotalCount_per_mg,23556.354166666668
425,918282,4,CBH,BATCH4,60,212,2025-08-13,17.25,NeuN+,EstTotalCount_per_mg,25630.89150943396
426,917422,1,RML,BATCH3,60,252,2025-08-19,19.02,NeuN+,EstTotalCount_per_mg,19251.896825396827
427,918318,4,CBH,BATCH4,60,221,2025-08-19,19.48,NeuN+,EstTotalCount_per_mg,20610.506787330316
428,917440,4,CBH,BATCH3,60,254,2025-08-20,18.8,NeuN+,EstTotalCount_per_mg,21052.09842519685
429,916468,19,22L,BATCH1,120,243,2025-08-20,19.43,NeuN+,EstTotalCount_per_mg,22193.32510288066
430,917445,3,22L,BATCH3,60,294,2025-08-21,22.62,NeuN+,EstTotalCount_per_mg,20792.2074829932
431,918278,17,RML,BATCH4,120,215,2025-08-21,18.08,NeuN+,EstTotalCount_per_mg,25083.702325581395
432,918310,1,RML,BATCH4,60,246,2025-05-06,19.0,SOX10+,EstTotalCount_per_mg,2716.918699186992
433,917423,19,22L,BATCH3,120,207,2025-05-06,19.67,SOX10+,EstTotalCount_per_mg,2257.4057971014495
434,918309,4,CBH,BATCH4,60,240,2025-05-07,16.92,SOX10+,EstTotalCount_per_mg,2690.925
435,916462,1,RML,BATCH1,60,248,2025-05-08,18.5,SOX10+,EstTotalCount_per_mg,2846.842741935484
436,918277,9,RML,BATCH4,90,220,2025-05-08,18.98,SOX10+,EstTotalCount_per_mg,4114.922727272728
437,917432,17,RML,BATCH3,120,245,2025-05-12,19.0,SOX10+,EstTotalCount_per_mg,2121.1510204081633
438,918304,2,ME7,BATCH4,60,237,2025-05-12,19.33,SOX10+,EstTotalCount_per_mg,2785.15611814346
439,918279,10,ME7,BATCH4,90,255,2025-05-13,17.83,SOX10+,EstTotalCount_per_mg,3410.894117647059
440,916466,3,22L,BATCH1,60,251,2025-05-14,18.67,SOX10+,EstTotalCount_per_mg,2360.4541832669324
441,916440,18,ME7,BATCH1,120,250,2025-05-14,19.25,SOX10+,EstTotalCount_per_mg,2962.168
442,918293,12,CBH,BATCH4,90,267,2025-05-15,17.45,SOX10+,EstTotalCount_per_mg,4182.801498127341
443,916504,10,ME7,BATCH2,90,242,2025-05-19,18.83,SOX10+,EstTotalCount_per_mg,2955.404958677686
444,918289,2,ME7,BATCH4,60,219,2025-05-19,19.17,SOX10+,EstTotalCount_per_mg,3900.9954337899544
445,918280,12,CBH,BATCH4,90,208,2025-05-20,17.17,SOX10+,EstTotalCount_per_mg,3136.1875
446,918302,1,RML,BATCH4,60,270,2025-05-21,18.0,SOX10+,EstTotalCount_per_mg,2668.5148148148146
447,918296,4,CBH,BATCH4,60,200,2025-05-21,18.67,SOX10+,EstTotalCount_per_mg,3014.915
448,917444,18,ME7,BATCH3,120,252,2025-05-22,16.75,SOX10+,EstTotalCount_per_mg,2631.1031746031745
449,916500,17,RML,BATCH2,120,211,2025-05-22,18.28,SOX10+,EstTotalCount_per_mg,3366.952606635071
450,918261,10,ME7,BATCH4,90,255,2025-05-28,18.92,SOX10+,EstTotalCount_per_mg,3938.866666666667
451,918264,11,22L,BATCH4,90,224,2025-05-28,19.28,SOX10+,EstTotalCount_per_mg,3305.21875
452,918276,18,ME7,BATCH4,120,240,2025-05-29,17.47,SOX10+,EstTotalCount_per_mg,4407.891666666666
453,918274,3,22L,BATCH4,60,241,2025-05-29,18.07,SOX10+,EstTotalCount_per_mg,2272.253112033195
454,918291,10,ME7,BATCH4,90,238,2025-06-02,19.23,SOX10+,EstTotalCount_per_mg,3004.915966386555
455,917461,12,CBH,BATCH3,90,229,2025-06-02,19.78,SOX10+,EstTotalCount_per_mg,3545.877729257642
456,918263,20,CBH,BATCH4,120,235,2025-06-03,17.6,SOX10+,EstTotalCount_per_mg,3856.0978723404255
457,916525,2,ME7,BATCH2,60,209,2025-06-03,17.58,SOX10+,EstTotalCount_per_mg,5445.277511961723
458,916507,18,ME7,BATCH2,120,235,2025-06-04,19.2,SOX10+,EstTotalCount_per_mg,5191.097872340426
459,916439,12,CBH,BATCH1,90,252,2025-06-04,19.38,SOX10+,EstTotalCount_per_mg,4401.107142857143
460,916458,10,ME7,BATCH1,90,241,2025-06-10,18.9,SOX10+,EstTotalCount_per_mg,2522.2157676348547
461,918285,12,CBH,BATCH4,90,284,2025-06-10,19.63,SOX10+,EstTotalCount_per_mg,3905.4295774647885
462,918287,20,CBH,BATCH4,120,251,2025-06-11,18.42,SOX10+,EstTotalCount_per_mg,3954.4422310756972
463,916459,4,CBH,BATCH1,60,200,2025-06-11,18.67,SOX10+,EstTotalCount_per_mg,3354.95
464,918270,18,ME7,BATCH4,120,252,2025-06-12,17.52,SOX10+,EstTotalCount_per_mg,5607.75
465,916534,9,RML,BATCH2,90,213,2025-06-12,17.85,SOX10+,EstTotalCount_per_mg,4248.943661971831
466,918271,11,22L,BATCH4,90,232,2025-06-16,19.83,SOX10+,EstTotalCount_per_mg,3691.5474137931033
467,916510,3,22L,BATCH2,60,242,2025-06-16,19.95,SOX10+,EstTotalCount_per_mg,4741.615702479339
468,918269,19,22L,BATCH4,120,232,2025-06-17,17.58,SOX10+,EstTotalCount_per_mg,5629.672413793103
469,918273,1,RML,BATCH4,60,179,2025-06-17,17.57,SOX10+,EstTotalCount_per_mg,4020.6480446927376
470,918284,3,22L,BATCH4,60,235,2025-06-18,18.9,SOX10+,EstTotalCount_per_mg,5166.889361702128
471,917430,11,22L,BATCH3,90,207,2025-06-18,19.53,SOX10+,EstTotalCount_per_mg,3921.487922705314
472,917442,2,ME7,BATCH3,60,248,2025-06-19,18.67,SOX10+,EstTotalCount_per_mg,3335.0120967741937
473,918267,18,ME7,BATCH4,120,234,2025-06-19,19.03,SOX10+,EstTotalCount_per_mg,5732.504273504273
474,916486,2,ME7,BATCH1,60,241,2025-06-25,18.8,SOX10+,EstTotalCount_per_mg,4268.319502074689
475,916445,11,22L,BATCH1,90,220,2025-06-25,19.33,SOX10+,EstTotalCount_per_mg,4335.259090909091
476,916495,20,CBH,BATCH1,120,270,2025-06-26,18.78,SOX10+,EstTotalCount_per_mg,5101.225925925926
477,918286,17,RML,BATCH4,120,197,2025-06-26,19.0,SOX10+,EstTotalCount_per_mg,4118.522842639594
478,918266,20,CBH,BATCH4,120,254,2025-06-30,19.05,SOX10+,EstTotalCount_per_mg,4631.133858267716
479,918268,3,22L,BATCH4,60,224,2025-06-30,19.73,SOX10+,EstTotalCount_per_mg,5964.486607142857
480,918272,9,RML,BATCH4,90,215,2025-07-01,17.47,SOX10+,EstTotalCount_per_mg,5087.641860465116
481,918281,11,22L,BATCH4,90,285,2025-07-01,17.77,SOX10+,EstTotalCount_per_mg,4296.596491228071
482,916554,9,RML,BATCH2,90,262,2025-07-14,17.93,SOX10+,EstTotalCount_per_mg,5214.774809160305
483,916477,17,RML,BATCH1,120,212,2025-07-15,17.52,SOX10+,EstTotalCount_per_mg,5872.811320754717
484,916470,9,RML,BATCH1,90,281,2025-07-15,17.65,SOX10+,EstTotalCount_per_mg,4269.9181494661925
485,916515,19,22L,BATCH2,120,250,2025-07-14,18.0,SOX10+,EstTotalCount_per_mg,4816.604
486,918275,19,22L,BATCH4,120,212,2025-07-16,18.17,SOX10+,EstTotalCount_per_mg,4171.811320754717
487,918311,2,ME7,BATCH4,60,189,2025-07-16,18.72,SOX10+,EstTotalCount_per_mg,5073.148148148148
488,917447,10,ME7,BATCH3,90,237,2025-07-23,17.97,SOX10+,EstTotalCount_per_mg,5045.443037974684
489,917425,20,CBH,BATCH3,120,238,2025-07-23,18.05,SOX10+,EstTotalCount_per_mg,3064.4621848739494
490,918262,19,22L,BATCH4,120,228,2025-08-07,17.72,SOX10+,EstTotalCount_per_mg,5216.491228070176
491,916501,11,22L,BATCH2,90,245,2025-08-07,17.93,SOX10+,EstTotalCount_per_mg,4433.0
492,918288,9,RML,BATCH4,90,300,2025-08-11,20.12,SOX10+,EstTotalCount_per_mg,4991.1466666666665
493,916476,12,CBH,BATCH1,90,257,2025-08-11,20.38,SOX10+,EstTotalCount_per_mg,4356.245136186771
494,916524,20,CBH,BATCH2,120,219,2025-08-12,18.7,SOX10+,EstTotalCount_per_mg,4589.593607305936
495,916543,1,RML,BATCH2,60,203,2025-08-12,19.0,SOX10+,EstTotalCount_per_mg,5462.369458128079
496,918283,17,RML,BATCH4,120,240,2025-08-13,16.73,SOX10+,EstTotalCount_per_mg,5901.583333333333
497,918282,4,CBH,BATCH4,60,212,2025-08-13,17.25,SOX10+,EstTotalCount_per_mg,2853.9056603773583
498,917422,1,RML,BATCH3,60,252,2025-08-19,19.02,SOX10+,EstTotalCount_per_mg,3193.281746031746
499,918318,4,CBH,BATCH4,60,221,2025-08-19,19.48,SOX10+,EstTotalCount_per_mg,2052.085972850679
500,917440,4,CBH,BATCH3,60,254,2025-08-20,18.8,SOX10+,EstTotalCount_per_mg,2986.6141732283463
501,916468,19,22L,BATCH1,120,243,2025-08-20,19.43,SOX10+,EstTotalCount_per_mg,3496.9053497942386
502,917445,3,22L,BATCH3,60,294,2025-08-21,22.62,SOX10+,EstTotalCount_per_mg,4252.867346938776
503,918278,17,RML,BATCH4,120,215,2025-08-21,18.08,SOX10+,EstTotalCount_per_mg,5368.344186046512
504,918310,1,RML,BATCH4,60,246,2025-05-06,19.0,SOX2+,EstTotalCount_per_mg,1015.7967479674796
505,917423,19,22L,BATCH3,120,207,2025-05-06,19.67,SOX2+,EstTotalCount_per_mg,592.9903381642512
506,918309,4,CBH,BATCH4,60,240,2025-05-07,16.92,SOX2+,EstTotalCount_per_mg,977.6583333333333
507,916462,1,RML,BATCH1,60,248,2025-05-08,18.5,SOX2+,EstTotalCount_per_mg,985.2862903225806
508,918277,9,RML,BATCH4,90,220,2025-05-08,18.98,SOX2+,EstTotalCount_per_mg,1356.8545454545454
509,917432,17,RML,BATCH3,120,245,2025-05-12,19.0,SOX2+,EstTotalCount_per_mg,482.55102040816325
510,918304,2,ME7,BATCH4,60,237,2025-05-12,19.33,SOX2+,EstTotalCount_per_mg,771.9029535864979
511,918279,10,ME7,BATCH4,90,255,2025-05-13,17.83,SOX2+,EstTotalCount_per_mg,1125.4666666666667
512,916466,3,22L,BATCH1,60,251,2025-05-14,18.67,SOX2+,EstTotalCount_per_mg,698.1235059760957
513,916440,18,ME7,BATCH1,120,250,2025-05-14,19.25,SOX2+,EstTotalCount_per_mg,563.452
514,918293,12,CBH,BATCH4,90,267,2025-05-15,17.45,SOX2+,EstTotalCount_per_mg,1147.370786516854
515,916504,10,ME7,BATCH2,90,242,2025-05-19,18.83,SOX2+,EstTotalCount_per_mg,1173.9462809917356
516,918289,2,ME7,BATCH4,60,219,2025-05-19,19.17,SOX2+,EstTotalCount_per_mg,835.6301369863014
517,918280,12,CBH,BATCH4,90,208,2025-05-20,17.17,SOX2+,EstTotalCount_per_mg,1171.6971153846155
518,918302,1,RML,BATCH4,60,270,2025-05-21,18.0,SOX2+,EstTotalCount_per_mg,892.2481481481482
519,918296,4,CBH,BATCH4,60,200,2025-05-21,18.67,SOX2+,EstTotalCount_per_mg,809.975
520,917444,18,ME7,BATCH3,120,252,2025-05-22,16.75,SOX2+,EstTotalCount_per_mg,589.1587301587301
521,916500,17,RML,BATCH2,120,211,2025-05-22,18.28,SOX2+,EstTotalCount_per_mg,867.2227488151659
522,918261,10,ME7,BATCH4,90,255,2025-05-28,18.92,SOX2+,EstTotalCount_per_mg,1269.3019607843137
523,918264,11,22L,BATCH4,90,224,2025-05-28,19.28,SOX2+,EstTotalCount_per_mg,1005.8928571428571
524,918276,18,ME7,BATCH4,120,240,2025-05-29,17.47,SOX2+,EstTotalCount_per_mg,1114.7625
525,918274,3,22L,BATCH4,60,241,2025-05-29,18.07,SOX2+,EstTotalCount_per_mg,651.9585062240664
526,918291,10,ME7,BATCH4,90,238,2025-06-02,19.23,SOX2+,EstTotalCount_per_mg,1105.8655462184875
527,917461,12,CBH,BATCH3,90,229,2025-06-02,19.78,SOX2+,EstTotalCount_per_mg,1371.5065502183406
528,918263,20,CBH,BATCH4,120,235,2025-06-03,17.6,SOX2+,EstTotalCount_per_mg,735.263829787234
529,916525,2,ME7,BATCH2,60,209,2025-06-03,17.58,SOX2+,EstTotalCount_per_mg,2067.622009569378
530,916507,18,ME7,BATCH2,120,235,2025-06-04,19.2,SOX2+,EstTotalCount_per_mg,1061.4510638297872
531,916439,12,CBH,BATCH1,90,252,2025-06-04,19.38,SOX2+,EstTotalCount_per_mg,1421.2619047619048
532,916458,10,ME7,BATCH1,90,241,2025-06-10,18.9,SOX2+,EstTotalCount_per_mg,825.4813278008298
533,918285,12,CBH,BATCH4,90,284,2025-06-10,19.63,SOX2+,EstTotalCount_per_mg,1185.2464788732395
534,918287,20,CBH,BATCH4,120,251,2025-06-11,18.42,SOX2+,EstTotalCount_per_mg,1313.3784860557769
535,916459,4,CBH,BATCH1,60,200,2025-06-11,18.67,SOX2+,EstTotalCount_per_mg,1027.94
536,918270,18,ME7,BATCH4,120,252,2025-06-12,17.52,SOX2+,EstTotalCount_per_mg,1258.5992063492063
537,916534,9,RML,BATCH2,90,213,2025-06-12,17.85,SOX2+,EstTotalCount_per_mg,849.6431924882629
538,918271,11,22L,BATCH4,90,232,2025-06-16,19.83,SOX2+,EstTotalCount_per_mg,893.7284482758621
539,916510,3,22L,BATCH2,60,242,2025-06-16,19.95,SOX2+,EstTotalCount_per_mg,1718.0371900826447
540,918269,19,22L,BATCH4,120,232,2025-06-17,17.58,SOX2+,EstTotalCount_per_mg,1927.6853448275863
541,918273,1,RML,BATCH4,60,179,2025-06-17,17.57,SOX2+,EstTotalCount_per_mg,1383.2122905027934
542,918284,3,22L,BATCH4,60,235,2025-06-18,18.9,SOX2+,EstTotalCount_per_mg,1621.3021276595746
543,917430,11,22L,BATCH3,90,207,2025-06-18,19.53,SOX2+,EstTotalCount_per_mg,915.536231884058
544,917442,2,ME7,BATCH3,60,248,2025-06-19,18.67,SOX2+,EstTotalCount_per_mg,898.0
545,918267,18,ME7,BATCH4,120,234,2025-06-19,19.03,SOX2+,EstTotalCount_per_mg,850.7820512820513
546,916486,2,ME7,BATCH1,60,241,2025-06-25,18.8,SOX2+,EstTotalCount_per_mg,675.0082987551867
547,916445,11,22L,BATCH1,90,220,2025-06-25,19.33,SOX2+,EstTotalCount_per_mg,1137.95
548,916495,20,CBH,BATCH1,120,270,2025-06-26,18.78,SOX2+,EstTotalCount_per_mg,1648.1925925925925
549,918286,17,RML,BATCH4,120,197,2025-06-26,19.0,SOX2+,EstTotalCount_per_mg,896.2842639593908
550,918266,20,CBH,BATCH4,120,254,2025-06-30,19.05,SOX2+,EstTotalCount_per_mg,1062.4291338582677
551,918268,3,22L,BATCH4,60,224,2025-06-30,19.73,SOX2+,EstTotalCount_per_mg,1506.4732142857142
552,918272,9,RML,BATCH4,90,215,2025-07-01,17.47,SOX2+,EstTotalCount_per_mg,1492.7906976744187
553,918281,11,22L,BATCH4,90,285,2025-07-01,17.77,SOX2+,EstTotalCount_per_mg,1284.5684210526315
554,916554,9,RML,BATCH2,90,262,2025-07-14,17.93,SOX2+,EstTotalCount_per_mg,1247.7213740458014
555,916477,17,RML,BATCH1,120,212,2025-07-15,17.52,SOX2+,EstTotalCount_per_mg,1452.5707547169811
556,916470,9,RML,BATCH1,90,281,2025-07-15,17.65,SOX2+,EstTotalCount_per_mg,1180.6192170818506
557,916515,19,22L,BATCH2,120,250,2025-07-14,18.0,SOX2+,EstTotalCount_per_mg,845.508
558,918275,19,22L,BATCH4,120,212,2025-07-16,18.17,SOX2+,EstTotalCount_per_mg,1964.7594339622642
559,918311,2,ME7,BATCH4,60,189,2025-07-16,18.72,SOX2+,EstTotalCount_per_mg,2195.915343915344
560,917447,10,ME7,BATCH3,90,237,2025-07-23,17.97,SOX2+,EstTotalCount_per_mg,1240.8776371308018
561,917425,20,CBH,BATCH3,120,238,2025-07-23,18.05,SOX2+,EstTotalCount_per_mg,1035.6680672268908
562,918262,19,22L,BATCH4,120,228,2025-08-07,17.72,SOX2+,EstTotalCount_per_mg,1712.5043859649122
563,916501,11,22L,BATCH2,90,245,2025-08-07,17.93,SOX2+,EstTotalCount_per_mg,1033.7714285714285
564,918288,9,RML,BATCH4,90,300,2025-08-11,20.12,SOX2+,EstTotalCount_per_mg,896.12
565,916476,12,CBH,BATCH1,90,257,2025-08-11,20.38,SOX2+,EstTotalCount_per_mg,1046.645914396887
566,916524,20,CBH,BATCH2,120,219,2025-08-12,18.7,SOX2+,EstTotalCount_per_mg,1058.9908675799086
567,916543,1,RML,BATCH2,60,203,2025-08-12,19.0,SOX2+,EstTotalCount_per_mg,1347.128078817734
568,918283,17,RML,BATCH4,120,240,2025-08-13,16.73,SOX2+,EstTotalCount_per_mg,947.1208333333333
569,918282,4,CBH,BATCH4,60,212,2025-08-13,17.25,SOX2+,EstTotalCount_per_mg,1180.872641509434
570,917422,1,RML,BATCH3,60,252,2025-08-19,19.02,SOX2+,EstTotalCount_per_mg,911.3055555555555
571,918318,4,CBH,BATCH4,60,221,2025-08-19,19.48,SOX2+,EstTotalCount_per_mg,689.1628959276018
572,917440,4,CBH,BATCH3,60,254,2025-08-20,18.8,SOX2+,EstTotalCount_per_mg,1031.3070866141732
573,916468,19,22L,BATCH1,120,243,2025-08-20,19.43,SOX2+,EstTotalCount_per_mg,707.1975308641976
574,917445,3,22L,BATCH3,60,294,2025-08-21,22.62,SOX2+,EstTotalCount_per_mg,1220.2312925170068
575,918278,17,RML,BATCH4,120,215,2025-08-21,18.08,SOX2+,EstTotalCount_per_mg,812.5162790697674
