animal_id,group_no,inoculum,inoculation_batch,dpi,sample_mass_mg,date_nuc_prep,incubation_time_hrs,population,count_statistic,count_value
918310,1,RML,BATCH4,60,246,2025-05-06,19.0,NeuN+,EstTotalCount,4359464.0
917423,19,22L,BATCH3,120,207,2025-05-06,19.67,NeuN+,EstTotalCount,2913658.0
918309,4,CBH,BATCH4,60,240,2025-05-07,16.92,NeuN+,EstTotalCount,5017422.0
916462,1,RML,BATCH1,60,248,2025-05-08,18.5,NeuN+,EstTotalCount,4324274.0
918277,9,RML,BATCH4,90,220,2025-05-08,18.98,NeuN+,EstTotalCount,5102254.0
917432,17,RML,BATCH3,120,245,2025-05-12,19.0,NeuN+,EstTotalCount,2417080.0
918304,2,ME7,BATCH4,60,237,2025-05-12,19.33,NeuN+,EstTotalCount,3742073.0
918279,10,ME7,BATCH4,90,255,2025-05-13,17.83,NeuN+,EstTotalCount,3704633.0
916466,3,22L,BATCH1,60,251,2025-05-14,18.67,NeuN+,EstTotalCount,3555483.0
916440,18,ME7,BATCH1,120,250,2025-05-14,19.25,NeuN+,EstTotalCount,3170809.0
918293,12,CBH,BATCH4,90,267,2025-05-15,17.45,NeuN+,EstTotalCount,3752887.0
916504,10,ME7,BATCH2,90,242,2025-05-19,18.83,NeuN+,EstTotalCount,3994910.0
918289,2,ME7,BATCH4,60,219,2025-05-19,19.17,NeuN+,EstTotalCount,3918578.0
918280,12,CBH,BATCH4,90,208,2025-05-20,17.17,NeuN+,EstTotalCount,3429660.0
918302,1,RML,BATCH4,60,270,2025-05-21,18.0,NeuN+,EstTotalCount,4217479.0
918296,4,CBH,BATCH4,60,200,2025-05-21,18.67,NeuN+,EstTotalCount,2165855.0
917444,18,ME7,BATCH3,120,252,2025-05-22,16.75,NeuN+,EstTotalCount,3504921.0
916500,17,RML,BATCH2,120,211,2025-05-22,18.28,NeuN+,EstTotalCount,3878405.0
918261,10,ME7,BATCH4,90,255,2025-05-28,18.92,NeuN+,EstTotalCount,3819827.0
918264,11,22L,BATCH4,90,224,2025-05-28,19.28,NeuN+,EstTotalCount,3850140.0
918276,18,ME7,BATCH4,120,240,2025-05-29,17.47,NeuN+,EstTotalCount,4245686.0
918274,3,22L,BATCH4,60,241,2025-05-29,18.07,NeuN+,EstTotalCount,4414339.0
918291,10,ME7,BATCH4,90,238,2025-06-02,19.23,NeuN+,EstTotalCount,3818391.0
917461,12,CBH,BATCH3,90,229,2025-06-02,19.78,NeuN+,EstTotalCount,5546126.0
918263,20,CBH,BATCH4,120,235,2025-06-03,17.6,NeuN+,EstTotalCount,4696603.0
916525,2,ME7,BATCH2,60,209,2025-06-03,17.58,NeuN+,EstTotalCount,6081797.0
916507,18,ME7,BATCH2,120,235,2025-06-04,19.2,NeuN+,EstTotalCount,5649668.0
916439,12,CBH,BATCH1,90,252,2025-06-04,19.38,NeuN+,EstTotalCount,6020931.0
916458,10,ME7,BATCH1,90,241,2025-06-10,18.9,NeuN+,EstTotalCount,3510850.0
918285,12,CBH,BATCH4,90,284,2025-06-10,19.63,NeuN+,EstTotalCount,5016801.0
918287,20,CBH,BATCH4,120,251,2025-06-11,18.42,NeuN+,EstTotalCount,3834071.0
916459,4,CBH,BATCH1,60,200,2025-06-11,18.67,NeuN+,EstTotalCount,4294491.0
918270,18,ME7,BATCH4,120,252,2025-06-12,17.52,NeuN+,EstTotalCount,6579571.0
916534,9,RML,BATCH2,90,213,2025-06-12,17.85,NeuN+,EstTotalCount,4110742.0
918271,11,22L,BATCH4,90,232,2025-06-16,19.83,NeuN+,EstTotalCount,4594096.0
916510,3,22L,BATCH2,60,242,2025-06-16,19.95,NeuN+,EstTotalCount,5213337.0
918269,19,22L,BATCH4,120,232,2025-06-17,17.58,NeuN+,EstTotalCount,5580031.0
918273,1,RML,BATCH4,60,179,2025-06-17,17.57,NeuN+,EstTotalCount,3027589.0
918284,3,22L,BATCH4,60,235,2025-06-18,18.9,NeuN+,EstTotalCount,6638607.0
917430,11,22L,BATCH3,90,207,2025-06-18,19.53,NeuN+,EstTotalCount,5411719.0
917442,2,ME7,BATCH3,60,248,2025-06-19,18.67,NeuN+,EstTotalCount,4392368.0
918267,18,ME7,BATCH4,120,234,2025-06-19,19.03,NeuN+,EstTotalCount,5213994.0
916486,2,ME7,BATCH1,60,241,2025-06-25,18.8,NeuN+,EstTotalCount,3902785.0
916445,11,22L,BATCH1,90,220,2025-06-25,19.33,NeuN+,EstTotalCount,5933505.0
916495,20,CBH,BATCH1,120,270,2025-06-26,18.78,NeuN+,EstTotalCount,7663752.0
918286,17,RML,BATCH4,120,197,2025-06-26,19.0,NeuN+,EstTotalCount,3979593.0
918266,20,CBH,BATCH4,120,254,2025-06-30,19.05,NeuN+,EstTotalCount,5318760.0
918268,3,22L,BATCH4,60,224,2025-06-30,19.73,NeuN+,EstTotalCount,5847055.0
918272,9,RML,BATCH4,90,215,2025-07-01,17.47,NeuN+,EstTotalCount,5241408.0
918281,11,22L,BATCH4,90,285,2025-07-01,17.77,NeuN+,EstTotalCount,4320476.0
916554,9,RML,BATCH2,90,262,2025-07-14,17.93,NeuN+,EstTotalCount,7023877.0
916477,17,RML,BATCH1,120,212,2025-07-15,17.52,NeuN+,EstTotalCount,6460500.0
916470,9,RML,BATCH1,90,281,2025-07-15,17.65,NeuN+,EstTotalCount,7526029.0
916515,19,22L,BATCH2,120,250,2025-07-14,18.0,NeuN+,EstTotalCount,5840646.0
918275,19,22L,BATCH4,120,212,2025-07-16,18.17,NeuN+,EstTotalCount,4223734.0
918311,2,ME7,BATCH4,60,189,2025-07-16,18.72,NeuN+,EstTotalCount,4496722.0
917447,10,ME7,BATCH3,90,237,2025-07-23,17.97,NeuN+,EstTotalCount,4944121.0
917425,20,CBH,BATCH3,120,238,2025-07-23,18.05,NeuN+,EstTotalCount,3377948.0
918262,19,22L,BATCH4,120,228,2025-08-07,17.72,NeuN+,EstTotalCount,6056519.0
916501,11,22L,BATCH2,90,245,2025-08-07,17.93,NeuN+,EstTotalCount,6308775.0
918288,9,RML,BATCH4,90,300,2025-08-11,20.12,NeuN+,EstTotalCount,8113432.0
916476,12,CBH,BATCH1,90,257,2025-08-11,20.38,NeuN+,EstTotalCount,5842246.0
916524,20,CBH,BATCH2,120,219,2025-08-12,18.7,NeuN+,EstTotalCount,4185660.0
916543,1,RML,BATCH2,60,203,2025-08-12,19.0,NeuN+,EstTotalCount,4085539.0
918283,17,RML,BATCH4,120,240,2025-08-13,16.73,NeuN+,EstTotalCount,5653525.0
918282,4,CBH,BATCH4,60,212,2025-08-13,17.25,NeuN+,EstTotalCount,5433749.0
917422,1,RML,BATCH3,60,252,2025-08-19,19.02,NeuN+,EstTotalCount,4851478.0
918318,4,CBH,BATCH4,60,221,2025-08-19,19.48,NeuN+,EstTotalCount,4554922.0
917440,4,CBH,BATCH3,60,254,2025-08-20,18.8,NeuN+,EstTotalCount,5347233.0
916468,19,22L,BATCH1,120,243,2025-08-20,19.43,NeuN+,EstTotalCount,5392978.0
917445,3,22L,BATCH3,60,294,2025-08-21,22.62,NeuN+,EstTotalCount,6112909.0
918278,17,RML,BATCH4,120,215,2025-08-21,18.08,NeuN+,EstTotalCount,5392996.0
918310,1,RML,BATCH4,60,246,2025-05-06,19.0,PU1+,EstTotalCount,144824.0
917423,19,22L,BATCH3,120,207,2025-05-06,19.67,PU1+,EstTotalCount,256364.0
918309,4,CBH,BATCH4,60,240,2025-05-07,16.92,PU1+,EstTotalCount,134314.0
916462,1,RML,BATCH1,60,248,2025-05-08,18.5,PU1+,EstTotalCount,140470.0
918277,9,RML,BATCH4,90,220,2025-05-08,18.98,PU1+,EstTotalCount,264586.0
917432,17,RML,BATCH3,120,245,2025-05-12,19.0,PU1+,EstTotalCount,292983.0
918304,2,ME7,BATCH4,60,237,2025-05-12,19.33,PU1+,EstTotalCount,137344.0
918279,10,ME7,BATCH4,90,255,2025-05-13,17.83,PU1+,EstTotalCount,153305.0
916466,3,22L,BATCH1,60,251,2025-05-14,18.67,PU1+,EstTotalCount,131077.0
916440,18,ME7,BATCH1,120,250,2025-05-14,19.25,PU1+,EstTotalCount,263336.0
918293,12,CBH,BATCH4,90,267,2025-05-15,17.45,PU1+,EstTotalCount,198242.0
916504,10,ME7,BATCH2,90,242,2025-05-19,18.83,PU1+,EstTotalCount,169315.0
918289,2,ME7,BATCH4,60,219,2025-05-19,19.17,PU1+,EstTotalCount,161425.0
918280,12,CBH,BATCH4,90,208,2025-05-20,17.17,PU1+,EstTotalCount,99394.0
918302,1,RML,BATCH4,60,270,2025-05-21,18.0,PU1+,EstTotalCount,151310.0
918296,4,CBH,BATCH4,60,200,2025-05-21,18.67,PU1+,EstTotalCount,113656.0
917444,18,ME7,BATCH3,120,252,2025-05-22,16.75,PU1+,EstTotalCount,232130.0
916500,17,RML,BATCH2,120,211,2025-05-22,18.28,PU1+,EstTotalCount,305444.0
918261,10,ME7,BATCH4,90,255,2025-05-28,18.92,PU1+,EstTotalCount,164940.0
918264,11,22L,BATCH4,90,224,2025-05-28,19.28,PU1+,EstTotalCount,150372.0
918276,18,ME7,BATCH4,120,240,2025-05-29,17.47,PU1+,EstTotalCount,240022.0
918274,3,22L,BATCH4,60,241,2025-05-29,18.07,PU1+,EstTotalCount,149380.0
918291,10,ME7,BATCH4,90,238,2025-06-02,19.23,PU1+,EstTotalCount,164982.0
917461,12,CBH,BATCH3,90,229,2025-06-02,19.78,PU1+,EstTotalCount,140509.0
918263,20,CBH,BATCH4,120,235,2025-06-03,17.6,PU1+,EstTotalCount,265987.0
916525,2,ME7,BATCH2,60,209,2025-06-03,17.58,PU1+,EstTotalCount,188388.0
916507,18,ME7,BATCH2,120,235,2025-06-04,19.2,PU1+,EstTotalCount,359240.0
916439,12,CBH,BATCH1,90,252,2025-06-04,19.38,PU1+,EstTotalCount,174208.0
916458,10,ME7,BATCH1,90,241,2025-06-10,18.9,PU1+,EstTotalCount,213572.0
918285,12,CBH,BATCH4,90,284,2025-06-10,19.63,PU1+,EstTotalCount,145999.0
918287,20,CBH,BATCH4,120,251,2025-06-11,18.42,PU1+,EstTotalCount,107237.0
916459,4,CBH,BATCH1,60,200,2025-06-11,18.67,PU1+,EstTotalCount,125636.0
918270,18,ME7,BATCH4,120,252,2025-06-12,17.52,PU1+,EstTotalCount,300895.0
916534,9,RML,BATCH2,90,213,2025-06-12,17.85,PU1+,EstTotalCount,256602.0
918271,11,22L,BATCH4,90,232,2025-06-16,19.83,PU1+,EstTotalCount,212404.0
916510,3,22L,BATCH2,60,242,2025-06-16,19.95,PU1+,EstTotalCount,178708.0
918269,19,22L,BATCH4,120,232,2025-06-17,17.58,PU1+,EstTotalCount,168156.0
918273,1,RML,BATCH4,60,179,2025-06-17,17.57,PU1+,EstTotalCount,114186.0
918284,3,22L,BATCH4,60,235,2025-06-18,18.9,PU1+,EstTotalCount,202884.0
917430,11,22L,BATCH3,90,207,2025-06-18,19.53,PU1+,EstTotalCount,253817.0
917442,2,ME7,BATCH3,60,248,2025-06-19,18.67,PU1+,EstTotalCount,272697.0
918267,18,ME7,BATCH4,120,234,2025-06-19,19.03,PU1+,EstTotalCount,374553.0
916486,2,ME7,BATCH1,60,241,2025-06-25,18.8,PU1+,EstTotalCount,190911.0
916445,11,22L,BATCH1,90,220,2025-06-25,19.33,PU1+,EstTotalCount,318621.0
916495,20,CBH,BATCH1,120,270,2025-06-26,18.78,PU1+,EstTotalCount,262389.0
918286,17,RML,BATCH4,120,197,2025-06-26,19.0,PU1+,EstTotalCount,312024.0
918266,20,CBH,BATCH4,120,254,2025-06-30,19.05,PU1+,EstTotalCount,334757.0
918268,3,22L,BATCH4,60,224,2025-06-30,19.73,PU1+,EstTotalCount,307741.0
918272,9,RML,BATCH4,90,215,2025-07-01,17.47,PU1+,EstTotalCount,222295.0
918281,11,22L,BATCH4,90,285,2025-07-01,17.77,PU1+,EstTotalCount,301658.0
916554,9,RML,BATCH2,90,262,2025-07-14,17.93,PU1+,EstTotalCount,520370.0
916477,17,RML,BATCH1,120,212,2025-07-15,17.52,PU1+,EstTotalCount,456473.0
916470,9,RML,BATCH1,90,281,2025-07-15,17.65,PU1+,EstTotalCount,429661.0
916515,19,22L,BATCH2,120,250,2025-07-14,18.0,PU1+,EstTotalCount,349635.0
918275,19,22L,BATCH4,120,212,2025-07-16,18.17,PU1+,EstTotalCount,153897.0
918311,2,ME7,BATCH4,60,189,2025-07-16,18.72,PU1+,EstTotalCount,206320.0
917447,10,ME7,BATCH3,90,237,2025-07-23,17.97,PU1+,EstTotalCount,317107.0
917425,20,CBH,BATCH3,120,238,2025-07-23,18.05,PU1+,EstTotalCount,134206.0
918262,19,22L,BATCH4,120,228,2025-08-07,17.72,PU1+,EstTotalCount,190641.0
916501,11,22L,BATCH2,90,245,2025-08-07,17.93,PU1+,EstTotalCount,307629.0
918288,9,RML,BATCH4,90,300,2025-08-11,20.12,PU1+,EstTotalCount,277872.0
916476,12,CBH,BATCH1,90,257,2025-08-11,20.38,PU1+,EstTotalCount,211080.0
916524,20,CBH,BATCH2,120,219,2025-08-12,18.7,PU1+,EstTotalCount,150659.0
916543,1,RML,BATCH2,60,203,2025-08-12,19.0,PU1+,EstTotalCount,195702.0
918283,17,RML,BATCH4,120,240,2025-08-13,16.73,PU1+,EstTotalCount,357527.0
918282,4,CBH,BATCH4,60,212,2025-08-13,17.25,PU1+,EstTotalCount,285441.0
917422,1,RML,BATCH3,60,252,2025-08-19,19.02,PU1+,EstTotalCount,172468.0
918318,4,CBH,BATCH4,60,221,2025-08-19,19.48,PU1+,EstTotalCount,171820.0
917440,4,CBH,BATCH3,60,254,2025-08-20,18.8,PU1+,EstTotalCount,211766.0
916468,19,22L,BATCH1,120,243,2025-08-20,19.43,PU1+,EstTotalCount,306715.0
917445,3,22L,BATCH3,60,294,2025-08-21,22.62,PU1+,EstTotalCount,253611.0
918278,17,RML,BATCH4,120,215,2025-08-21,18.08,PU1+,EstTotalCount,300484.0
918310,1,RML,BATCH4,60,246,2025-05-06,19.0,SOX10+,EstTotalCount,668362.0
917423,19,22L,BATCH3,120,207,2025-05-06,19.67,SOX10+,EstTotalCount,467283.0
918309,4,CBH,BATCH4,60,240,2025-05-07,16.92,SOX10+,EstTotalCount,645822.0
916462,1,RML,BATCH1,60,248,2025-05-08,18.5,SOX10+,EstTotalCount,706017.0
918277,9,RML,BATCH4,90,220,2025-05-08,18.98,SOX10+,EstTotalCount,905283.0
917432,17,RML,BATCH3,120,245,2025-05-12,19.0,SOX10+,EstTotalCount,519682.0
918304,2,ME7,BATCH4,60,237,2025-05-12,19.33,SOX10+,EstTotalCount,660082.0
918279,10,ME7,BATCH4,90,255,2025-05-13,17.83,SOX10+,EstTotalCount,869778.0
916466,3,22L,BATCH1,60,251,2025-05-14,18.67,SOX10+,EstTotalCount,592474.0
916440,18,ME7,BATCH1,120,250,2025-05-14,19.25,SOX10+,EstTotalCount,740542.0
918293,12,CBH,BATCH4,90,267,2025-05-15,17.45,SOX10+,EstTotalCount,1116808.0
916504,10,ME7,BATCH2,90,242,2025-05-19,18.83,SOX10+,EstTotalCount,715208.0
918289,2,ME7,BATCH4,60,219,2025-05-19,19.17,SOX10+,EstTotalCount,854318.0
918280,12,CBH,BATCH4,90,208,2025-05-20,17.17,SOX10+,EstTotalCount,652327.0
918302,1,RML,BATCH4,60,270,2025-05-21,18.0,SOX10+,EstTotalCount,720499.0
918296,4,CBH,BATCH4,60,200,2025-05-21,18.67,SOX10+,EstTotalCount,602983.0
917444,18,ME7,BATCH3,120,252,2025-05-22,16.75,SOX10+,EstTotalCount,663038.0
916500,17,RML,BATCH2,120,211,2025-05-22,18.28,SOX10+,EstTotalCount,710427.0
918261,10,ME7,BATCH4,90,255,2025-05-28,18.92,SOX10+,EstTotalCount,1004411.0
918264,11,22L,BATCH4,90,224,2025-05-28,19.28,SOX10+,EstTotalCount,740369.0
918276,18,ME7,BATCH4,120,240,2025-05-29,17.47,SOX10+,EstTotalCount,1057894.0
918274,3,22L,BATCH4,60,241,2025-05-29,18.07,SOX10+,EstTotalCount,547613.0
918291,10,ME7,BATCH4,90,238,2025-06-02,19.23,SOX10+,EstTotalCount,715170.0
917461,12,CBH,BATCH3,90,229,2025-06-02,19.78,SOX10+,EstTotalCount,812006.0
918263,20,CBH,BATCH4,120,235,2025-06-03,17.6,SOX10+,EstTotalCount,906183.0
916525,2,ME7,BATCH2,60,209,2025-06-03,17.58,SOX10+,EstTotalCount,1138063.0
916507,18,ME7,BATCH2,120,235,2025-06-04,19.2,SOX10+,EstTotalCount,1219908.0
916439,12,CBH,BATCH1,90,252,2025-06-04,19.38,SOX10+,EstTotalCount,1109079.0
916458,10,ME7,BATCH1,90,241,2025-06-10,18.9,SOX10+,EstTotalCount,607854.0
918285,12,CBH,BATCH4,90,284,2025-06-10,19.63,SOX10+,EstTotalCount,1109142.0
918287,20,CBH,BATCH4,120,251,2025-06-11,18.42,SOX10+,EstTotalCount,992565.0
916459,4,CBH,BATCH1,60,200,2025-06-11,18.67,SOX10+,EstTotalCount,670990.0
918270,18,ME7,BATCH4,120,252,2025-06-12,17.52,SOX10+,EstTotalCount,1413153.0
916534,9,RML,BATCH2,90,213,2025-06-12,17.85,SOX10+,EstTotalCount,905025.0
918271,11,22L,BATCH4,90,232,2025-06-16,19.83,SOX10+,EstTotalCount,856439.0
916510,3,22L,BATCH2,60,242,2025-06-16,19.95,SOX10+,EstTotalCount,1147471.0
918269,19,22L,BATCH4,120,232,2025-06-17,17.58,SOX10+,EstTotalCount,1306084.0
918273,1,RML,BATCH4,60,179,2025-06-17,17.57,SOX10+,EstTotalCount,719696.0
918284,3,22L,BATCH4,60,235,2025-06-18,18.9,SOX10+,EstTotalCount,1214219.0
917430,11,22L,BATCH3,90,207,2025-06-18,19.53,SOX10+,EstTotalCount,811748.0
917442,2,ME7,BATCH3,60,248,2025-06-19,18.67,SOX10+,EstTotalCount,827083.0
918267,18,ME7,BATCH4,120,234,2025-06-19,19.03,SOX10+,EstTotalCount,1341406.0
916486,2,ME7,BATCH1,60,241,2025-06-25,18.8,SOX10+,EstTotalCount,1028665.0
916445,11,22L,BATCH1,90,220,2025-06-25,19.33,SOX10+,EstTotalCount,953757.0
916495,20,CBH,BATCH1,120,270,2025-06-26,18.78,SOX10+,EstTotalCount,1377331.0
918286,17,RML,BATCH4,120,197,2025-06-26,19.0,SOX10+,EstTotalCount,811349.0
918266,20,CBH,BATCH4,120,254,2025-06-30,19.05,SOX10+,EstTotalCount,1176308.0
918268,3,22L,BATCH4,60,224,2025-06-30,19.73,SOX10+,EstTotalCount,1336045.0
918272,9,RML,BATCH4,90,215,2025-07-01,17.47,SOX10+,EstTotalCount,1093843.0
918281,11,22L,BATCH4,90,285,2025-07-01,17.77,SOX10+,EstTotalCount,1224530.0
916554,9,RML,BATCH2,90,262,2025-07-14,17.93,SOX10+,EstTotalCount,1366271.0
916477,17,RML,BATCH1,120,212,2025-07-15,17.52,SOX10+,EstTotalCount,1245036.0
916470,9,RML,BATCH1,90,281,2025-07-15,17.65,SOX10+,EstTotalCount,1199847.0
916515,19,22L,BATCH2,120,250,2025-07-14,18.0,SOX10+,EstTotalCount,1204151.0
918275,19,22L,BATCH4,120,212,2025-07-16,18.17,SOX10+,EstTotalCount,884424.0
918311,2,ME7,BATCH4,60,189,2025-07-16,18.72,SOX10+,EstTotalCount,958825.0
917447,10,ME7,BATCH3,90,237,2025-07-23,17.97,SOX10+,EstTotalCount,1195770.0
917425,20,CBH,BATCH3,120,238,2025-07-23,18.05,SOX10+,EstTotalCount,729342.0
918262,19,22L,BATCH4,120,228,2025-08-07,17.72,SOX10+,EstTotalCount,1189360.0
916501,11,22L,BATCH2,90,245,2025-08-07,17.93,SOX10+,EstTotalCount,1086085.0
918288,9,RML,BATCH4,90,300,2025-08-11,20.12,SOX10+,EstTotalCount,1497344.0
916476,12,CBH,BATCH1,90,257,2025-08-11,20.38,SOX10+,EstTotalCount,1119555.0
916524,20,CBH,BATCH2,120,219,2025-08-12,18.7,SOX10+,EstTotalCount,1005121.0
916543,1,RML,BATCH2,60,203,2025-08-12,19.0,SOX10+,EstTotalCount,1108861.0
918283,17,RML,BATCH4,120,240,2025-08-13,16.73,SOX10+,EstTotalCount,1416380.0
918282,4,CBH,BATCH4,60,212,2025-08-13,17.25,SOX10+,EstTotalCount,605028.0
917422,1,RML,BATCH3,60,252,2025-08-19,19.02,SOX10+,EstTotalCount,804707.0
918318,4,CBH,BATCH4,60,221,2025-08-19,19.48,SOX10+,EstTotalCount,453511.0
917440,4,CBH,BATCH3,60,254,2025-08-20,18.8,SOX10+,EstTotalCount,758600.0
916468,19,22L,BATCH1,120,243,2025-08-20,19.43,SOX10+,EstTotalCount,849748.0
917445,3,22L,BATCH3,60,294,2025-08-21,22.62,SOX10+,EstTotalCount,1250343.0
918278,17,RML,BATCH4,120,215,2025-08-21,18.08,SOX10+,EstTotalCount,1154194.0
918310,1,RML,BATCH4,60,246,2025-05-06,19.0,SOX2+,EstTotalCount,249886.0
917423,19,22L,BATCH3,120,207,2025-05-06,19.67,SOX2+,EstTotalCount,122749.0
918309,4,CBH,BATCH4,60,240,2025-05-07,16.92,SOX2+,EstTotalCount,234638.0
916462,1,RML,BATCH1,60,248,2025-05-08,18.5,SOX2+,EstTotalCount,244351.0
918277,9,RML,BATCH4,90,220,2025-05-08,18.98,SOX2+,EstTotalCount,298508.0
917432,17,RML,BATCH3,120,245,2025-05-12,19.0,SOX2+,EstTotalCount,118225.0
918304,2,ME7,BATCH4,60,237,2025-05-12,19.33,SOX2+,EstTotalCount,182941.0
918279,10,ME7,BATCH4,90,255,2025-05-13,17.83,SOX2+,EstTotalCount,286994.0
916466,3,22L,BATCH1,60,251,2025-05-14,18.67,SOX2+,EstTotalCount,175229.0
916440,18,ME7,BATCH1,120,250,2025-05-14,19.25,SOX2+,EstTotalCount,140863.0
918293,12,CBH,BATCH4,90,267,2025-05-15,17.45,SOX2+,EstTotalCount,306348.0
916504,10,ME7,BATCH2,90,242,2025-05-19,18.83,SOX2+,EstTotalCount,284095.0
918289,2,ME7,BATCH4,60,219,2025-05-19,19.17,SOX2+,EstTotalCount,183003.0
918280,12,CBH,BATCH4,90,208,2025-05-20,17.17,SOX2+,EstTotalCount,243713.0
918302,1,RML,BATCH4,60,270,2025-05-21,18.0,SOX2+,EstTotalCount,240907.0
918296,4,CBH,BATCH4,60,200,2025-05-21,18.67,SOX2+,EstTotalCount,161995.0
917444,18,ME7,BATCH3,120,252,2025-05-22,16.75,SOX2+,EstTotalCount,148468.0
916500,17,RML,BATCH2,120,211,2025-05-22,18.28,SOX2+,EstTotalCount,182984.0
918261,10,ME7,BATCH4,90,255,2025-05-28,18.92,SOX2+,EstTotalCount,323672.0
918264,11,22L,BATCH4,90,224,2025-05-28,19.28,SOX2+,EstTotalCount,225320.0
918276,18,ME7,BATCH4,120,240,2025-05-29,17.47,SOX2+,EstTotalCount,267543.0
918274,3,22L,BATCH4,60,241,2025-05-29,18.07,SOX2+,EstTotalCount,157122.0
918291,10,ME7,BATCH4,90,238,2025-06-02,19.23,SOX2+,EstTotalCount,263196.0
917461,12,CBH,BATCH3,90,229,2025-06-02,19.78,SOX2+,EstTotalCount,314075.0
918263,20,CBH,BATCH4,120,235,2025-06-03,17.6,SOX2+,EstTotalCount,172787.0
916525,2,ME7,BATCH2,60,209,2025-06-03,17.58,SOX2+,EstTotalCount,432133.0
916507,18,ME7,BATCH2,120,235,2025-06-04,19.2,SOX2+,EstTotalCount,249441.0
916439,12,CBH,BATCH1,90,252,2025-06-04,19.38,SOX2+,EstTotalCount,358158.0
916458,10,ME7,BATCH1,90,241,2025-06-10,18.9,SOX2+,EstTotalCount,198941.0
918285,12,CBH,BATCH4,90,284,2025-06-10,19.63,SOX2+,EstTotalCount,336610.0
918287,20,CBH,BATCH4,120,251,2025-06-11,18.42,SOX2+,EstTotalCount,329658.0
916459,4,CBH,BATCH1,60,200,2025-06-11,18.67,SOX2+,EstTotalCount,205588.0
918270,18,ME7,BATCH4,120,252,2025-06-12,17.52,SOX2+,EstTotalCount,317167.0
916534,9,RML,BATCH2,90,213,2025-06-12,17.85,SOX2+,EstTotalCount,180974.0
918271,11,22L,BATCH4,90,232,2025-06-16,19.83,SOX2+,EstTotalCount,207345.0
916510,3,22L,BATCH2,60,242,2025-06-16,19.95,SOX2+,EstTotalCount,415765.0
918269,19,22L,BATCH4,120,232,2025-06-17,17.58,SOX2+,EstTotalCount,447223.0
918273,1,RML,BATCH4,60,179,2025-06-17,17.57,SOX2+,EstTotalCount,247595.0
918284,3,22L,BATCH4,60,235,2025-06-18,18.9,SOX2+,EstTotalCount,381006.0
917430,11,22L,BATCH3,90,207,2025-06-18,19.53,SOX2+,EstTotalCount,189516.0
917442,2,ME7,BATCH3,60,248,2025-06-19,18.67,SOX2+,EstTotalCount,222704.0
918267,18,ME7,BATCH4,120,234,2025-06-19,19.03,SOX2+,EstTotalCount,199083.0
916486,2,ME7,BATCH1,60,241,2025-06-25,18.8,SOX2+,EstTotalCount,162677.0
916445,11,22L,BATCH1,90,220,2025-06-25,19.33,SOX2+,EstTotalCount,250349.0
916495,20,CBH,BATCH1,120,270,2025-06-26,18.78,SOX2+,EstTotalCount,445012.0
918286,17,RML,BATCH4,120,197,2025-06-26,19.0,SOX2+,EstTotalCount,176568.0
918266,20,CBH,BATCH4,120,254,2025-06-30,19.05,SOX2+,EstTotalCount,269857.0
918268,3,22L,BATCH4,60,224,2025-06-30,19.73,SOX2+,EstTotalCount,337450.0
918272,9,RML,BATCH4,90,215,2025-07-01,17.47,SOX2+,EstTotalCount,320950.0
918281,11,22L,BATCH4,90,285,2025-07-01,17.77,SOX2+,EstTotalCount,366102.0
916554,9,RML,BATCH2,90,262,2025-07-14,17.93,SOX2+,EstTotalCount,326903.0
916477,17,RML,BATCH1,120,212,2025-07-15,17.52,SOX2+,EstTotalCount,307945.0
916470,9,RML,BATCH1,90,281,2025-07-15,17.65,SOX2+,EstTotalCount,331754.0
916515,19,22L,BATCH2,120,250,2025-07-14,18.0,SOX2+,EstTotalCount,211377.0
918275,19,22L,BATCH4,120,212,2025-07-16,18.17,SOX2+,EstTotalCount,416529.0
918311,2,ME7,BATCH4,60,189,2025-07-16,18.72,SOX2+,EstTotalCount,415028.0
917447,10,ME7,BATCH3,90,237,2025-07-23,17.97,SOX2+,EstTotalCount,294088.0
917425,20,CBH,BATCH3,120,238,2025-07-23,18.05,SOX2+,EstTotalCount,246489.0
918262,19,22L,BATCH4,120,228,2025-08-07,17.72,SOX2+,EstTotalCount,390451.0
916501,11,22L,BATCH2,90,245,2025-08-07,17.93,SOX2+,EstTotalCount,253274.0
918288,9,RML,BATCH4,90,300,2025-08-11,20.12,SOX2+,EstTotalCount,268836.0
916476,12,CBH,BATCH1,90,257,2025-08-11,20.38,SOX2+,EstTotalCount,268988.0
916524,20,CBH,BATCH2,120,219,2025-08-12,18.7,SOX2+,EstTotalCount,231919.0
916543,1,RML,BATCH2,60,203,2025-08-12,19.0,SOX2+,EstTotalCount,273467.0
918283,17,RML,BATCH4,120,240,2025-08-13,16.73,SOX2+,EstTotalCount,227309.0
918282,4,CBH,BATCH4,60,212,2025-08-13,17.25,SOX2+,EstTotalCount,250345.0
917422,1,RML,BATCH3,60,252,2025-08-19,19.02,SOX2+,EstTotalCount,229649.0
918318,4,CBH,BATCH4,60,221,2025-08-19,19.48,SOX2+,EstTotalCount,152305.0
917440,4,CBH,BATCH3,60,254,2025-08-20,18.8,SOX2+,EstTotalCount,261952.0
916468,19,22L,BATCH1,120,243,2025-08-20,19.43,SOX2+,EstTotalCount,171849.0
917445,3,22L,BATCH3,60,294,2025-08-21,22.62,SOX2+,EstTotalCount,358748.0
918278,17,RML,BATCH4,120,215,2025-08-21,18.08,SOX2+,EstTotalCount,174691.0
918310,1,RML,BATCH4,60,246,2025-05-06,19.0,PU1+,EstTotalCount_per_mg,588.7154471544716
917423,19,22L,BATCH3,120,207,2025-05-06,19.67,PU1+,EstTotalCount_per_mg,1238.4734299516908
918309,4,CBH,BATCH4,60,240,2025-05-07,16.92,PU1+,EstTotalCount_per_mg,559.6416666666667
916462,1,RML,BATCH1,60,248,2025-05-08,18.5,PU1+,EstTotalCount_per_mg,566.4112903225806
918277,9,RML,BATCH4,90,220,2025-05-08,18.98,PU1+,EstTotalCount_per_mg,1202.6636363636364
917432,17,RML,BATCH3,120,245,2025-05-12,19.0,PU1+,EstTotalCount_per_mg,1195.8489795918367
918304,2,ME7,BATCH4,60,237,2025-05-12,19.33,PU1+,EstTotalCount_per_mg,579.5105485232068
918279,10,ME7,BATCH4,90,255,2025-05-13,17.83,PU1+,EstTotalCount_per_mg,601.1960784313726
916466,3,22L,BATCH1,60,251,2025-05-14,18.67,PU1+,EstTotalCount_per_mg,522.2191235059761
916440,18,ME7,BATCH1,120,250,2025-05-14,19.25,PU1+,EstTotalCount_per_mg,1053.344
918293,12,CBH,BATCH4,90,267,2025-05-15,17.45,PU1+,EstTotalCount_per_mg,742.4794007490636
916504,10,ME7,BATCH2,90,242,2025-05-19,18.83,PU1+,EstTotalCount_per_mg,699.6487603305785
918289,2,ME7,BATCH4,60,219,2025-05-19,19.17,PU1+,EstTotalCount_per_mg,737.1004566210046
918280,12,CBH,BATCH4,90,208,2025-05-20,17.17,PU1+,EstTotalCount_per_mg,477.8557692307692
918302,1,RML,BATCH4,60,270,2025-05-21,18.0,PU1+,EstTotalCount_per_mg,560.4074074074074
918296,4,CBH,BATCH4,60,200,2025-05-21,18.67,PU1+,EstTotalCount_per_mg,568.28
917444,18,ME7,BATCH3,120,252,2025-05-22,16.75,PU1+,EstTotalCount_per_mg,921.1507936507936
916500,17,RML,BATCH2,120,211,2025-05-22,18.28,PU1+,EstTotalCount_per_mg,1447.601895734597
918261,10,ME7,BATCH4,90,255,2025-05-28,18.92,PU1+,EstTotalCount_per_mg,646.8235294117648
918264,11,22L,BATCH4,90,224,2025-05-28,19.28,PU1+,EstTotalCount_per_mg,671.3035714285714
918276,18,ME7,BATCH4,120,240,2025-05-29,17.47,PU1+,EstTotalCount_per_mg,1000.0916666666667
918274,3,22L,BATCH4,60,241,2025-05-29,18.07,PU1+,EstTotalCount_per_mg,619.8340248962655
918291,10,ME7,BATCH4,90,238,2025-06-02,19.23,PU1+,EstTotalCount_per_mg,693.2016806722689
917461,12,CBH,BATCH3,90,229,2025-06-02,19.78,PU1+,EstTotalCount_per_mg,613.5764192139738
918263,20,CBH,BATCH4,120,235,2025-06-03,17.6,PU1+,EstTotalCount_per_mg,1131.8595744680852
916525,2,ME7,BATCH2,60,209,2025-06-03,17.58,PU1+,EstTotalCount_per_mg,901.377990430622
916507,18,ME7,BATCH2,120,235,2025-06-04,19.2,PU1+,EstTotalCount_per_mg,1528.6808510638298
916439,12,CBH,BATCH1,90,252,2025-06-04,19.38,PU1+,EstTotalCount_per_mg,691.3015873015873
916458,10,ME7,BATCH1,90,241,2025-06-10,18.9,PU1+,EstTotalCount_per_mg,886.1908713692947
918285,12,CBH,BATCH4,90,284,2025-06-10,19.63,PU1+,EstTotalCount_per_mg,514.080985915493
918287,20,CBH,BATCH4,120,251,2025-06-11,18.42,PU1+,EstTotalCount_per_mg,427.2390438247012
916459,4,CBH,BATCH1,60,200,2025-06-11,18.67,PU1+,EstTotalCount_per_mg,628.18
918270,18,ME7,BATCH4,120,252,2025-06-12,17.52,PU1+,EstTotalCount_per_mg,1194.0277777777778
916534,9,RML,BATCH2,90,213,2025-06-12,17.85,PU1+,EstTotalCount_per_mg,1204.7042253521126
918271,11,22L,BATCH4,90,232,2025-06-16,19.83,PU1+,EstTotalCount_per_mg,915.5344827586207
916510,3,22L,BATCH2,60,242,2025-06-16,19.95,PU1+,EstTotalCount_per_mg,738.4628099173553
918269,19,22L,BATCH4,120,232,2025-06-17,17.58,PU1+,EstTotalCount_per_mg,724.8103448275862
918273,1,RML,BATCH4,60,179,2025-06-17,17.57,PU1+,EstTotalCount_per_mg,637.9106145251396
918284,3,22L,BATCH4,60,235,2025-06-18,18.9,PU1+,EstTotalCount_per_mg,863.336170212766
917430,11,22L,BATCH3,90,207,2025-06-18,19.53,PU1+,EstTotalCount_per_mg,1226.1690821256038
917442,2,ME7,BATCH3,60,248,2025-06-19,18.67,PU1+,EstTotalCount_per_mg,1099.5846774193549
918267,18,ME7,BATCH4,120,234,2025-06-19,19.03,PU1+,EstTotalCount_per_mg,1600.6538461538462
916486,2,ME7,BATCH1,60,241,2025-06-25,18.8,PU1+,EstTotalCount_per_mg,792.161825726141
916445,11,22L,BATCH1,90,220,2025-06-25,19.33,PU1+,EstTotalCount_per_mg,1448.2772727272727
916495,20,CBH,BATCH1,120,270,2025-06-26,18.78,PU1+,EstTotalCount_per_mg,971.8111111111111
918286,17,RML,BATCH4,120,197,2025-06-26,19.0,PU1+,EstTotalCount_per_mg,1583.8781725888325
918266,20,CBH,BATCH4,120,254,2025-06-30,19.05,PU1+,EstTotalCount_per_mg,1317.9409448818897
918268,3,22L,BATCH4,60,224,2025-06-30,19.73,PU1+,EstTotalCount_per_mg,1373.84375
918272,9,RML,BATCH4,90,215,2025-07-01,17.47,PU1+,EstTotalCount_per_mg,1033.9302325581396
918281,11,22L,BATCH4,90,285,2025-07-01,17.77,PU1+,EstTotalCount_per_mg,1058.4491228070176
916554,9,RML,BATCH2,90,262,2025-07-14,17.93,PU1+,EstTotalCount_per_mg,1986.145038167939
916477,17,RML,BATCH1,120,212,2025-07-15,17.52,PU1+,EstTotalCount_per_mg,2153.1745283018868
916470,9,RML,BATCH1,90,281,2025-07-15,17.65,PU1+,EstTotalCount_per_mg,1529.0427046263346
916515,19,22L,BATCH2,120,250,2025-07-14,18.0,PU1+,EstTotalCount_per_mg,1398.54
918275,19,22L,BATCH4,120,212,2025-07-16,18.17,PU1+,EstTotalCount_per_mg,725.9292452830189
918311,2,ME7,BATCH4,60,189,2025-07-16,18.72,PU1+,EstTotalCount_per_mg,1091.6402116402116
917447,10,ME7,BATCH3,90,237,2025-07-23,17.97,PU1+,EstTotalCount_per_mg,1338.0042194092828
917425,20,CBH,BATCH3,120,238,2025-07-23,18.05,PU1+,EstTotalCount_per_mg,563.890756302521
918262,19,22L,BATCH4,120,228,2025-08-07,17.72,PU1+,EstTotalCount_per_mg,836.1447368421053
916501,11,22L,BATCH2,90,245,2025-08-07,17.93,PU1+,EstTotalCount_per_mg,1255.6285714285714
918288,9,RML,BATCH4,90,300,2025-08-11,20.12,PU1+,EstTotalCount_per_mg,926.24
916476,12,CBH,BATCH1,90,257,2025-08-11,20.38,PU1+,EstTotalCount_per_mg,821.3229571984435
916524,20,CBH,BATCH2,120,219,2025-08-12,18.7,PU1+,EstTotalCount_per_mg,687.9406392694063
916543,1,RML,BATCH2,60,203,2025-08-12,19.0,PU1+,EstTotalCount_per_mg,964.0492610837439
918283,17,RML,BATCH4,120,240,2025-08-13,16.73,PU1+,EstTotalCount_per_mg,1489.6958333333334
918282,4,CBH,BATCH4,60,212,2025-08-13,17.25,PU1+,EstTotalCount_per_mg,1346.4198113207547
917422,1,RML,BATCH3,60,252,2025-08-19,19.02,PU1+,EstTotalCount_per_mg,684.3968253968254
918318,4,CBH,BATCH4,60,221,2025-08-19,19.48,PU1+,EstTotalCount_per_mg,777.4660633484162
917440,4,CBH,BATCH3,60,254,2025-08-20,18.8,PU1+,EstTotalCount_per_mg,833.7244094488188
916468,19,22L,BATCH1,120,243,2025-08-20,19.43,PU1+,EstTotalCount_per_mg,1262.201646090535
917445,3,22L,BATCH3,60,294,2025-08-21,22.62,PU1+,EstTotalCount_per_mg,862.6224489795918
918278,17,RML,BATCH4,120,215,2025-08-21,18.08,PU1+,EstTotalCount_per_mg,1397.6
918310,1,RML,BATCH4,60,246,2025-05-06,19.0,NeuN+,EstTotalCount_per_mg,17721.39837398374
917423,19,22L,BATCH3,120,207,2025-05-06,19.67,NeuN+,EstTotalCount_per_mg,14075.642512077295
918309,4,CBH,BATCH4,60,240,2025-05-07,16.92,NeuN+,EstTotalCount_per_mg,20905.925
916462,1,RML,BATCH1,60,248,2025-05-08,18.5,NeuN+,EstTotalCount_per_mg,17436.58870967742
918277,9,RML,BATCH4,90,220,2025-05-08,18.98,NeuN+,EstTotalCount_per_mg,23192.063636363637
917432,17,RML,BATCH3,120,245,2025-05-12,19.0,NeuN+,EstTotalCount_per_mg,9865.632653061224
918304,2,ME7,BATCH4,60,237,2025-05-12,19.33,NeuN+,EstTotalCount_per_mg,15789.337552742616
918279,10,ME7,BATCH4,90,255,2025-05-13,17.83,NeuN+,EstTotalCount_per_mg,14527.972549019607
916466,3,22L,BATCH1,60,251,2025-05-14,18.67,NeuN+,EstTotalCount_per_mg,14165.27091633466
916440,18,ME7,BATCH1,120,250,2025-05-14,19.25,NeuN+,EstTotalCount_per_mg,12683.236
918293,12,CBH,BATCH4,90,267,2025-05-15,17.45,NeuN+,EstTotalCount_per_mg,14055.756554307116
916504,10,ME7,BATCH2,90,242,2025-05-19,18.83,NeuN+,EstTotalCount_per_mg,16507.89256198347
918289,2,ME7,BATCH4,60,219,2025-05-19,19.17,NeuN+,EstTotalCount_per_mg,17893.0502283105
918280,12,CBH,BATCH4,90,208,2025-05-20,17.17,NeuN+,EstTotalCount_per_mg,16488.75
918302,1,RML,BATCH4,60,270,2025-05-21,18.0,NeuN+,EstTotalCount_per_mg,15620.292592592592
918296,4,CBH,BATCH4,60,200,2025-05-21,18.67,NeuN+,EstTotalCount_per_mg,10829.275
917444,18,ME7,BATCH3,120,252,2025-05-22,16.75,NeuN+,EstTotalCount_per_mg,13908.416666666666
916500,17,RML,BATCH2,120,211,2025-05-22,18.28,NeuN+,EstTotalCount_per_mg,18381.066350710902
918261,10,ME7,BATCH4,90,255,2025-05-28,18.92,NeuN+,EstTotalCount_per_mg,14979.713725490195
918264,11,22L,BATCH4,90,224,2025-05-28,19.28,NeuN+,EstTotalCount_per_mg,17188.125
918276,18,ME7,BATCH4,120,240,2025-05-29,17.47,NeuN+,EstTotalCount_per_mg,17690.358333333334
918274,3,22L,BATCH4,60,241,2025-05-29,18.07,NeuN+,EstTotalCount_per_mg,18316.759336099585
918291,10,ME7,BATCH4,90,238,2025-06-02,19.23,NeuN+,EstTotalCount_per_mg,16043.659663865546
917461,12,CBH,BATCH3,90,229,2025-06-02,19.78,NeuN+,EstTotalCount_per_mg,24218.890829694323
918263,20,CBH,BATCH4,120,235,2025-06-03,17.6,NeuN+,EstTotalCount_per_mg,19985.544680851064
916525,2,ME7,BATCH2,60,209,2025-06-03,17.58,NeuN+,EstTotalCount_per_mg,29099.507177033494
916507,18,ME7,BATCH2,120,235,2025-06-04,19.2,NeuN+,EstTotalCount_per_mg,24041.140425531914
916439,12,CBH,BATCH1,90,252,2025-06-04,19.38,NeuN+,EstTotalCount_per_mg,23892.583333333332
916458,10,ME7,BATCH1,90,241,2025-06-10,18.9,NeuN+,EstTotalCount_per_mg,14567.842323651452
918285,12,CBH,BATCH4,90,284,2025-06-10,19.63,NeuN+,EstTotalCount_per_mg,17664.792253521126
918287,20,CBH,BATCH4,120,251,2025-06-11,18.42,NeuN+,EstTotalCount_per_mg,15275.18326693227
916459,4,CBH,BATCH1,60,200,2025-06-11,18.67,NeuN+,EstTotalCount_per_mg,21472.455
918270,18,ME7,BATCH4,120,252,2025-06-12,17.52,NeuN+,EstTotalCount_per_mg,26109.40873015873
916534,9,RML,BATCH2,90,213,2025-06-12,17.85,NeuN+,EstTotalCount_per_mg,19299.25821596244
918271,11,22L,BATCH4,90,232,2025-06-16,19.83,NeuN+,EstTotalCount_per_mg,19802.137931034482
916510,3,22L,BATCH2,60,242,2025-06-16,19.95,NeuN+,EstTotalCount_per_mg,21542.714876033056
918269,19,22L,BATCH4,120,232,2025-06-17,17.58,NeuN+,EstTotalCount_per_mg,24051.85775862069
918273,1,RML,BATCH4,60,179,2025-06-17,17.57,NeuN+,EstTotalCount_per_mg,16913.90502793296
918284,3,22L,BATCH4,60,235,2025-06-18,18.9,NeuN+,EstTotalCount_per_mg,28249.391489361704
917430,11,22L,BATCH3,90,207,2025-06-18,19.53,NeuN+,EstTotalCount_per_mg,26143.57004830918
917442,2,ME7,BATCH3,60,248,2025-06-19,18.67,NeuN+,EstTotalCount_per_mg,17711.16129032258
918267,18,ME7,BATCH4,120,234,2025-06-19,19.03,NeuN+,EstTotalCount_per_mg,22282.02564102564
916486,2,ME7,BATCH1,60,241,2025-06-25,18.8,NeuN+,EstTotalCount_per_mg,16194.128630705394
916445,11,22L,BATCH1,90,220,2025-06-25,19.33,NeuN+,EstTotalCount_per_mg,26970.477272727272
916495,20,CBH,BATCH1,120,270,2025-06-26,18.78,NeuN+,EstTotalCount_per_mg,28384.266666666666
918286,17,RML,BATCH4,120,197,2025-06-26,19.0,NeuN+,EstTotalCount_per_mg,20200.979695431473
918266,20,CBH,BATCH4,120,254,2025-06-30,19.05,NeuN+,EstTotalCount_per_mg,20940.0
918268,3,22L,BATCH4,60,224,2025-06-30,19.73,NeuN+,EstTotalCount_per_mg,26102.92410714286
918272,9,RML,BATCH4,90,215,2025-07-01,17.47,NeuN+,EstTotalCount_per_mg,24378.641860465115
918281,11,22L,BATCH4,90,285,2025-07-01,17.77,NeuN+,EstTotalCount_per_mg,15159.564912280703
916554,9,RML,BATCH2,90,262,2025-07-14,17.93,NeuN+,EstTotalCount_per_mg,26808.690839694656
916477,17,RML,BATCH1,120,212,2025-07-15,17.52,NeuN+,EstTotalCount_per_mg,30474.056603773584
916470,9,RML,BATCH1,90,281,2025-07-15,17.65,NeuN+,EstTotalCount_per_mg,26783.021352313168
916515,19,22L,BATCH2,120,250,2025-07-14,18.0,NeuN+,EstTotalCount_per_mg,23362.584
918275,19,22L,BATCH4,120,212,2025-07-16,18.17,NeuN+,EstTotalCount_per_mg,19923.27358490566
918311,2,ME7,BATCH4,60,189,2025-07-16,18.72,NeuN+,EstTotalCount_per_mg,23792.179894179895
917447,10,ME7,BATCH3,90,237,2025-07-23,17.97,NeuN+,EstTotalCount_per_mg,20861.270042194094
917425,20,CBH,BATCH3,120,238,2025-07-23,18.05,NeuN+,EstTotalCount_per_mg,14193.058823529413
918262,19,22L,BATCH4,120,228,2025-08-07,17.72,NeuN+,EstTotalCount_per_mg,26563.679824561405
916501,11,22L,BATCH2,90,245,2025-08-07,17.93,NeuN+,EstTotalCount_per_mg,25750.102040816328
918288,9,RML,BATCH4,90,300,2025-08-11,20.12,NeuN+,EstTotalCount_per_mg,27044.773333333334
916476,12,CBH,BATCH1,90,257,2025-08-11,20.38,NeuN+,EstTotalCount_per_mg,22732.474708171205
916524,20,CBH,BATCH2,120,219,2025-08-12,18.7,NeuN+,EstTotalCount_per_mg,19112.602739726026
916543,1,RML,BATCH2,60,203,2025-08-12,19.0,NeuN+,EstTotalCount_per_mg,20125.8078817734
918283,17,RML,BATCH4,120,240,2025-08-13,16.73,NeuN+,EstTotalCount_per_mg,23556.354166666668
918282,4,CBH,BATCH4,60,212,2025-08-13,17.25,NeuN+,EstTotalCount_per_mg,25630.89150943396
917422,1,RML,BATCH3,60,252,2025-08-19,19.02,NeuN+,EstTotalCount_per_mg,19251.896825396827
918318,4,CBH,BATCH4,60,221,2025-08-19,19.48,NeuN+,EstTotalCount_per_mg,20610.506787330316
917440,4,CBH,BATCH3,60,254,2025-08-20,18.8,NeuN+,EstTotalCount_per_mg,21052.09842519685
916468,19,22L,BATCH1,120,243,2025-08-20,19.43,NeuN+,EstTotalCount_per_mg,22193.32510288066
917445,3,22L,BATCH3,60,294,2025-08-21,22.62,NeuN+,EstTotalCount_per_mg,20792.2074829932
918278,17,RML,BATCH4,120,215,2025-08-21,18.08,NeuN+,EstTotalCount_per_mg,25083.702325581395
918310,1,RML,BATCH4,60,246,2025-05-06,19.0,SOX10+,EstTotalCount_per_mg,2716.918699186992
917423,19,22L,BATCH3,120,207,2025-05-06,19.67,SOX10+,EstTotalCount_per_mg,2257.4057971014495
918309,4,CBH,BATCH4,60,240,2025-05-07,16.92,SOX10+,EstTotalCount_per_mg,2690.925
916462,1,RML,BATCH1,60,248,2025-05-08,18.5,SOX10+,EstTotalCount_per_mg,2846.842741935484
918277,9,RML,BATCH4,90,220,2025-05-08,18.98,SOX10+,EstTotalCount_per_mg,4114.922727272728
917432,17,RML,BATCH3,120,245,2025-05-12,19.0,SOX10+,EstTotalCount_per_mg,2121.1510204081633
918304,2,ME7,BATCH4,60,237,2025-05-12,19.33,SOX10+,EstTotalCount_per_mg,2785.15611814346
918279,10,ME7,BATCH4,90,255,2025-05-13,17.83,SOX10+,EstTotalCount_per_mg,3410.894117647059
916466,3,22L,BATCH1,60,251,2025-05-14,18.67,SOX10+,EstTotalCount_per_mg,2360.4541832669324
916440,18,ME7,BATCH1,120,250,2025-05-14,19.25,SOX10+,EstTotalCount_per_mg,2962.168
918293,12,CBH,BATCH4,90,267,2025-05-15,17.45,SOX10+,EstTotalCount_per_mg,4182.801498127341
916504,10,ME7,BATCH2,90,242,2025-05-19,18.83,SOX10+,EstTotalCount_per_mg,2955.404958677686
918289,2,ME7,BATCH4,60,219,2025-05-19,19.17,SOX10+,EstTotalCount_per_mg,3900.9954337899544
918280,12,CBH,BATCH4,90,208,2025-05-20,17.17,SOX10+,EstTotalCount_per_mg,3136.1875
918302,1,RML,BATCH4,60,270,2025-05-21,18.0,SOX10+,EstTotalCount_per_mg,2668.5148148148146
918296,4,CBH,BATCH4,60,200,2025-05-21,18.67,SOX10+,EstTotalCount_per_mg,3014.915
917444,18,ME7,BATCH3,120,252,2025-05-22,16.75,SOX10+,EstTotalCount_per_mg,2631.1031746031745
916500,17,RML,BATCH2,120,211,2025-05-22,18.28,SOX10+,EstTotalCount_per_mg,3366.952606635071
918261,10,ME7,BATCH4,90,255,2025-05-28,18.92,SOX10+,EstTotalCount_per_mg,3938.866666666667
918264,11,22L,BATCH4,90,224,2025-05-28,19.28,SOX10+,EstTotalCount_per_mg,3305.21875
918276,18,ME7,BATCH4,120,240,2025-05-29,17.47,SOX10+,EstTotalCount_per_mg,4407.891666666666
918274,3,22L,BATCH4,60,241,2025-05-29,18.07,SOX10+,EstTotalCount_per_mg,2272.253112033195
918291,10,ME7,BATCH4,90,238,2025-06-02,19.23,SOX10+,EstTotalCount_per_mg,3004.915966386555
917461,12,CBH,BATCH3,90,229,2025-06-02,19.78,SOX10+,EstTotalCount_per_mg,3545.877729257642
918263,20,CBH,BATCH4,120,235,2025-06-03,17.6,SOX10+,EstTotalCount_per_mg,3856.0978723404255
916525,2,ME7,BATCH2,60,209,2025-06-03,17.58,SOX10+,EstTotalCount_per_mg,5445.277511961723
916507,18,ME7,BATCH2,120,235,2025-06-04,19.2,SOX10+,EstTotalCount_per_mg,5191.097872340426
916439,12,CBH,BATCH1,90,252,2025-06-04,19.38,SOX10+,EstTotalCount_per_mg,4401.107142857143
916458,10,ME7,BATCH1,90,241,2025-06-10,18.9,SOX10+,EstTotalCount_per_mg,2522.2157676348547
918285,12,CBH,BATCH4,90,284,2025-06-10,19.63,SOX10+,EstTotalCount_per_mg,3905.4295774647885
918287,20,CBH,BATCH4,120,251,2025-06-11,18.42,SOX10+,EstTotalCount_per_mg,3954.4422310756972
916459,4,CBH,BATCH1,60,200,2025-06-11,18.67,SOX10+,EstTotalCount_per_mg,3354.95
918270,18,ME7,BATCH4,120,252,2025-06-12,17.52,SOX10+,EstTotalCount_per_mg,5607.75
916534,9,RML,BATCH2,90,213,2025-06-12,17.85,SOX10+,EstTotalCount_per_mg,4248.943661971831
918271,11,22L,BATCH4,90,232,2025-06-16,19.83,SOX10+,EstTotalCount_per_mg,3691.5474137931033
916510,3,22L,BATCH2,60,242,2025-06-16,19.95,SOX10+,EstTotalCount_per_mg,4741.615702479339
918269,19,22L,BATCH4,120,232,2025-06-17,17.58,SOX10+,EstTotalCount_per_mg,5629.672413793103
918273,1,RML,BATCH4,60,179,2025-06-17,17.57,SOX10+,EstTotalCount_per_mg,4020.6480446927376
918284,3,22L,BATCH4,60,235,2025-06-18,18.9,SOX10+,EstTotalCount_per_mg,5166.889361702128
917430,11,22L,BATCH3,90,207,2025-06-18,19.53,SOX10+,EstTotalCount_per_mg,3921.487922705314
917442,2,ME7,BATCH3,60,248,2025-06-19,18.67,SOX10+,EstTotalCount_per_mg,3335.0120967741937
918267,18,ME7,BATCH4,120,234,2025-06-19,19.03,SOX10+,EstTotalCount_per_mg,5732.504273504273
916486,2,ME7,BATCH1,60,241,2025-06-25,18.8,SOX10+,EstTotalCount_per_mg,4268.319502074689
916445,11,22L,BATCH1,90,220,2025-06-25,19.33,SOX10+,EstTotalCount_per_mg,4335.259090909091
916495,20,CBH,BATCH1,120,270,2025-06-26,18.78,SOX10+,EstTotalCount_per_mg,5101.225925925926
918286,17,RML,BATCH4,120,197,2025-06-26,19.0,SOX10+,EstTotalCount_per_mg,4118.522842639594
918266,20,CBH,BATCH4,120,254,2025-06-30,19.05,SOX10+,EstTotalCount_per_mg,4631.133858267716
918268,3,22L,BATCH4,60,224,2025-06-30,19.73,SOX10+,EstTotalCount_per_mg,5964.486607142857
918272,9,RML,BATCH4,90,215,2025-07-01,17.47,SOX10+,EstTotalCount_per_mg,5087.641860465116
918281,11,22L,BATCH4,90,285,2025-07-01,17.77,SOX10+,EstTotalCount_per_mg,4296.596491228071
916554,9,RML,BATCH2,90,262,2025-07-14,17.93,SOX10+,EstTotalCount_per_mg,5214.774809160305
916477,17,RML,BATCH1,120,212,2025-07-15,17.52,SOX10+,EstTotalCount_per_mg,5872.811320754717
916470,9,RML,BATCH1,90,281,2025-07-15,17.65,SOX10+,EstTotalCount_per_mg,4269.9181494661925
916515,19,22L,BATCH2,120,250,2025-07-14,18.0,SOX10+,EstTotalCount_per_mg,4816.604
918275,19,22L,BATCH4,120,212,2025-07-16,18.17,SOX10+,EstTotalCount_per_mg,4171.811320754717
918311,2,ME7,BATCH4,60,189,2025-07-16,18.72,SOX10+,EstTotalCount_per_mg,5073.148148148148
917447,10,ME7,BATCH3,90,237,2025-07-23,17.97,SOX10+,EstTotalCount_per_mg,5045.443037974684
917425,20,CBH,BATCH3,120,238,2025-07-23,18.05,SOX10+,EstTotalCount_per_mg,3064.4621848739494
918262,19,22L,BATCH4,120,228,2025-08-07,17.72,SOX10+,EstTotalCount_per_mg,5216.491228070176
916501,11,22L,BATCH2,90,245,2025-08-07,17.93,SOX10+,EstTotalCount_per_mg,4433.0
918288,9,RML,BATCH4,90,300,2025-08-11,20.12,SOX10+,EstTotalCount_per_mg,4991.1466666666665
916476,12,CBH,BATCH1,90,257,2025-08-11,20.38,SOX10+,EstTotalCount_per_mg,4356.245136186771
916524,20,CBH,BATCH2,120,219,2025-08-12,18.7,SOX10+,EstTotalCount_per_mg,4589.593607305936
916543,1,RML,BATCH2,60,203,2025-08-12,19.0,SOX10+,EstTotalCount_per_mg,5462.369458128079
918283,17,RML,BATCH4,120,240,2025-08-13,16.73,SOX10+,EstTotalCount_per_mg,5901.583333333333
918282,4,CBH,BATCH4,60,212,2025-08-13,17.25,SOX10+,EstTotalCount_per_mg,2853.9056603773583
917422,1,RML,BATCH3,60,252,2025-08-19,19.02,SOX10+,EstTotalCount_per_mg,3193.281746031746
918318,4,CBH,BATCH4,60,221,2025-08-19,19.48,SOX10+,EstTotalCount_per_mg,2052.085972850679
917440,4,CBH,BATCH3,60,254,2025-08-20,18.8,SOX10+,EstTotalCount_per_mg,2986.6141732283463
916468,19,22L,BATCH1,120,243,2025-08-20,19.43,SOX10+,EstTotalCount_per_mg,3496.9053497942386
917445,3,22L,BATCH3,60,294,2025-08-21,22.62,SOX10+,EstTotalCount_per_mg,4252.867346938776
918278,17,RML,BATCH4,120,215,2025-08-21,18.08,SOX10+,EstTotalCount_per_mg,5368.344186046512
918310,1,RML,BATCH4,60,246,2025-05-06,19.0,SOX2+,EstTotalCount_per_mg,1015.7967479674796
917423,19,22L,BATCH3,120,207,2025-05-06,19.67,SOX2+,EstTotalCount_per_mg,592.9903381642512
918309,4,CBH,BATCH4,60,240,2025-05-07,16.92,SOX2+,EstTotalCount_per_mg,977.6583333333333
916462,1,RML,BATCH1,60,248,2025-05-08,18.5,SOX2+,EstTotalCount_per_mg,985.2862903225806
918277,9,RML,BATCH4,90,220,2025-05-08,18.98,SOX2+,EstTotalCount_per_mg,1356.8545454545454
917432,17,RML,BATCH3,120,245,2025-05-12,19.0,SOX2+,EstTotalCount_per_mg,482.55102040816325
918304,2,ME7,BATCH4,60,237,2025-05-12,19.33,SOX2+,EstTotalCount_per_mg,771.9029535864979
918279,10,ME7,BATCH4,90,255,2025-05-13,17.83,SOX2+,EstTotalCount_per_mg,1125.4666666666667
916466,3,22L,BATCH1,60,251,2025-05-14,18.67,SOX2+,EstTotalCount_per_mg,698.1235059760957
916440,18,ME7,BATCH1,120,250,2025-05-14,19.25,SOX2+,EstTotalCount_per_mg,563.452
918293,12,CBH,BATCH4,90,267,2025-05-15,17.45,SOX2+,EstTotalCount_per_mg,1147.370786516854
916504,10,ME7,BATCH2,90,242,2025-05-19,18.83,SOX2+,EstTotalCount_per_mg,1173.9462809917356
918289,2,ME7,BATCH4,60,219,2025-05-19,19.17,SOX2+,EstTotalCount_per_mg,835.6301369863014
918280,12,CBH,BATCH4,90,208,2025-05-20,17.17,SOX2+,EstTotalCount_per_mg,1171.6971153846155
918302,1,RML,BATCH4,60,270,2025-05-21,18.0,SOX2+,EstTotalCount_per_mg,892.2481481481482
918296,4,CBH,BATCH4,60,200,2025-05-21,18.67,SOX2+,EstTotalCount_per_mg,809.975
917444,18,ME7,BATCH3,120,252,2025-05-22,16.75,SOX2+,EstTotalCount_per_mg,589.1587301587301
916500,17,RML,BATCH2,120,211,2025-05-22,18.28,SOX2+,EstTotalCount_per_mg,867.2227488151659
918261,10,ME7,BATCH4,90,255,2025-05-28,18.92,SOX2+,EstTotalCount_per_mg,1269.3019607843137
918264,11,22L,BATCH4,90,224,2025-05-28,19.28,SOX2+,EstTotalCount_per_mg,1005.8928571428571
918276,18,ME7,BATCH4,120,240,2025-05-29,17.47,SOX2+,EstTotalCount_per_mg,1114.7625
918274,3,22L,BATCH4,60,241,2025-05-29,18.07,SOX2+,EstTotalCount_per_mg,651.9585062240664
918291,10,ME7,BATCH4,90,238,2025-06-02,19.23,SOX2+,EstTotalCount_per_mg,1105.8655462184875
917461,12,CBH,BATCH3,90,229,2025-06-02,19.78,SOX2+,EstTotalCount_per_mg,1371.5065502183406
918263,20,CBH,BATCH4,120,235,2025-06-03,17.6,SOX2+,EstTotalCount_per_mg,735.263829787234
916525,2,ME7,BATCH2,60,209,2025-06-03,17.58,SOX2+,EstTotalCount_per_mg,2067.622009569378
916507,18,ME7,BATCH2,120,235,2025-06-04,19.2,SOX2+,EstTotalCount_per_mg,1061.4510638297872
916439,12,CBH,BATCH1,90,252,2025-06-04,19.38,SOX2+,EstTotalCount_per_mg,1421.2619047619048
916458,10,ME7,BATCH1,90,241,2025-06-10,18.9,SOX2+,EstTotalCount_per_mg,825.4813278008298
918285,12,CBH,BATCH4,90,284,2025-06-10,19.63,SOX2+,EstTotalCount_per_mg,1185.2464788732395
918287,20,CBH,BATCH4,120,251,2025-06-11,18.42,SOX2+,EstTotalCount_per_mg,1313.3784860557769
916459,4,CBH,BATCH1,60,200,2025-06-11,18.67,SOX2+,EstTotalCount_per_mg,1027.94
918270,18,ME7,BATCH4,120,252,2025-06-12,17.52,SOX2+,EstTotalCount_per_mg,1258.5992063492063
916534,9,RML,BATCH2,90,213,2025-06-12,17.85,SOX2+,EstTotalCount_per_mg,849.6431924882629
918271,11,22L,BATCH4,90,232,2025-06-16,19.83,SOX2+,EstTotalCount_per_mg,893.7284482758621
916510,3,22L,BATCH2,60,242,2025-06-16,19.95,SOX2+,EstTotalCount_per_mg,1718.0371900826447
918269,19,22L,BATCH4,120,232,2025-06-17,17.58,SOX2+,EstTotalCount_per_mg,1927.6853448275863
918273,1,RML,BATCH4,60,179,2025-06-17,17.57,SOX2+,EstTotalCount_per_mg,1383.2122905027934
918284,3,22L,BATCH4,60,235,2025-06-18,18.9,SOX2+,EstTotalCount_per_mg,1621.3021276595746
917430,11,22L,BATCH3,90,207,2025-06-18,19.53,SOX2+,EstTotalCount_per_mg,915.536231884058
917442,2,ME7,BATCH3,60,248,2025-06-19,18.67,SOX2+,EstTotalCount_per_mg,898.0
918267,18,ME7,BATCH4,120,234,2025-06-19,19.03,SOX2+,EstTotalCount_per_mg,850.7820512820513
916486,2,ME7,BATCH1,60,241,2025-06-25,18.8,SOX2+,EstTotalCount_per_mg,675.0082987551867
916445,11,22L,BATCH1,90,220,2025-06-25,19.33,SOX2+,EstTotalCount_per_mg,1137.95
916495,20,CBH,BATCH1,120,270,2025-06-26,18.78,SOX2+,EstTotalCount_per_mg,1648.1925925925925
918286,17,RML,BATCH4,120,197,2025-06-26,19.0,SOX2+,EstTotalCount_per_mg,896.2842639593908
918266,20,CBH,BATCH4,120,254,2025-06-30,19.05,SOX2+,EstTotalCount_per_mg,1062.4291338582677
918268,3,22L,BATCH4,60,224,2025-06-30,19.73,SOX2+,EstTotalCount_per_mg,1506.4732142857142
918272,9,RML,BATCH4,90,215,2025-07-01,17.47,SOX2+,EstTotalCount_per_mg,1492.7906976744187
918281,11,22L,BATCH4,90,285,2025-07-01,17.77,SOX2+,EstTotalCount_per_mg,1284.5684210526315
916554,9,RML,BATCH2,90,262,2025-07-14,17.93,SOX2+,EstTotalCount_per_mg,1247.7213740458014
916477,17,RML,BATCH1,120,212,2025-07-15,17.52,SOX2+,EstTotalCount_per_mg,1452.5707547169811
916470,9,RML,BATCH1,90,281,2025-07-15,17.65,SOX2+,EstTotalCount_per_mg,1180.6192170818506
916515,19,22L,BATCH2,120,250,2025-07-14,18.0,SOX2+,EstTotalCount_per_mg,845.508
918275,19,22L,BATCH4,120,212,2025-07-16,18.17,SOX2+,EstTotalCount_per_mg,1964.7594339622642
918311,2,ME7,BATCH4,60,189,2025-07-16,18.72,SOX2+,EstTotalCount_per_mg,2195.915343915344
917447,10,ME7,BATCH3,90,237,2025-07-23,17.97,SOX2+,EstTotalCount_per_mg,1240.8776371308018
917425,20,CBH,BATCH3,120,238,2025-07-23,18.05,SOX2+,EstTotalCount_per_mg,1035.6680672268908
918262,19,22L,BATCH4,120,228,2025-08-07,17.72,SOX2+,EstTotalCount_per_mg,1712.5043859649122
916501,11,22L,BATCH2,90,245,2025-08-07,17.93,SOX2+,EstTotalCount_per_mg,1033.7714285714285
918288,9,RML,BATCH4,90,300,2025-08-11,20.12,SOX2+,EstTotalCount_per_mg,896.12
916476,12,CBH,BATCH1,90,257,2025-08-11,20.38,SOX2+,EstTotalCount_per_mg,1046.645914396887
916524,20,CBH,BATCH2,120,219,2025-08-12,18.7,SOX2+,EstTotalCount_per_mg,1058.9908675799086
916543,1,RML,BATCH2,60,203,2025-08-12,19.0,SOX2+,EstTotalCount_per_mg,1347.128078817734
918283,17,RML,BATCH4,120,240,2025-08-13,16.73,SOX2+,EstTotalCount_per_mg,947.1208333333333
918282,4,CBH,BATCH4,60,212,2025-08-13,17.25,SOX2+,EstTotalCount_per_mg,1180.872641509434
917422,1,RML,BATCH3,60,252,2025-08-19,19.02,SOX2+,EstTotalCount_per_mg,911.3055555555555
918318,4,CBH,BATCH4,60,221,2025-08-19,19.48,SOX2+,EstTotalCount_per_mg,689.1628959276018
917440,4,CBH,BATCH3,60,254,2025-08-20,18.8,SOX2+,EstTotalCount_per_mg,1031.3070866141732
916468,19,22L,BATCH1,120,243,2025-08-20,19.43,SOX2+,EstTotalCount_per_mg,707.1975308641976
917445,3,22L,BATCH3,60,294,2025-08-21,22.62,SOX2+,EstTotalCount_per_mg,1220.2312925170068
918278,17,RML,BATCH4,120,215,2025-08-21,18.08,SOX2+,EstTotalCount_per_mg,812.5162790697674
